Trienio,Semestre,Chamada,Curso_Limpo,Campus,Turno,Sistema_ID,Sistema_Nome,Min,Max,Media,N_Banco
2019-2021,1°,1ª,ADMINISTRAÇÃO (BACHARELADO),DARCY RIBEIRO,DIURNO,1,Sistema Universal,36.705,120.306,55.742,13
2019-2021,1°,2ª,ADMINISTRAÇÃO (BACHARELADO),DARCY RIBEIRO,DIURNO,1,Sistema Universal,31.78,32.177,31.983,3
2019-2021,1°,1ª,ADMINISTRAÇÃO (BACHARELADO),DARCY RIBEIRO,DIURNO,2,Cota para Negros,-5.786,-0.285,-3.036,2
2019-2021,1°,2ª,ADMINISTRAÇÃO (BACHARELADO),DARCY RIBEIRO,DIURNO,2,Cota para Negros,-24.159,-23.112,-23.636,2
2019-2021,1°,1ª,ADMINISTRAÇÃO (BACHARELADO),DARCY RIBEIRO,NOTURNO,1,Sistema Universal,-2.777,98.221,23.465,13
2019-2021,1°,2ª,ADMINISTRAÇÃO (BACHARELADO),DARCY RIBEIRO,NOTURNO,1,Sistema Universal,-7.013,-3.507,-5.304,3
2019-2021,1°,3ª,ADMINISTRAÇÃO (BACHARELADO),DARCY RIBEIRO,NOTURNO,1,Sistema Universal,-18.153,-10.481,-14.317,2
2019-2021,1°,1ª,ADMINISTRAÇÃO (BACHARELADO),DARCY RIBEIRO,NOTURNO,2,Cota para Negros,-1.176,2.32,0.572,2
2019-2021,1°,2ª,ADMINISTRAÇÃO (BACHARELADO),DARCY RIBEIRO,NOTURNO,2,Cota para Negros,-18.849,-3.674,-11.262,2
2019-2021,1°,3ª,ADMINISTRAÇÃO (BACHARELADO),DARCY RIBEIRO,NOTURNO,2,Cota para Negros,-39.595,-39.595,-39.595,1
2019-2021,1°,1ª,AGRONOMIA (BACHARELADO),DARCY RIBEIRO,DIURNO,1,Sistema Universal,-9.125,49.697,17.442,17
2019-2021,1°,2ª,AGRONOMIA (BACHARELADO),DARCY RIBEIRO,DIURNO,1,Sistema Universal,-27.314,-14.448,-20.237,9
2019-2021,1°,3ª,AGRONOMIA (BACHARELADO),DARCY RIBEIRO,DIURNO,1,Sistema Universal,-32.479,-28.335,-30.671,3
2019-2021,1°,4ª,AGRONOMIA (BACHARELADO),DARCY RIBEIRO,DIURNO,1,Sistema Universal,-33.617,-33.191,-33.404,2
2019-2021,1°,1ª,AGRONOMIA (BACHARELADO),DARCY RIBEIRO,DIURNO,2,Cota para Negros,-13.14,11.95,-0.595,2
2019-2021,1°,1ª,ARQUITETURA E URBANISMO (BACHARELADO),DARCY RIBEIRO,DIURNO,1,Sistema Universal,74.758,137.056,99.636,9
2019-2021,1°,2ª,ARQUITETURA E URBANISMO (BACHARELADO),DARCY RIBEIRO,DIURNO,1,Sistema Universal,61.498,72.109,66.986,6
2019-2021,1°,3ª,ARQUITETURA E URBANISMO (BACHARELADO),DARCY RIBEIRO,DIURNO,1,Sistema Universal,60.044,61.413,60.728,2
2019-2021,1°,4ª,ARQUITETURA E URBANISMO (BACHARELADO),DARCY RIBEIRO,DIURNO,1,Sistema Universal,60.022,60.022,60.022,1
2019-2021,1°,1ª,ARQUITETURA E URBANISMO (BACHARELADO),DARCY RIBEIRO,DIURNO,2,Cota para Negros,85.859,85.859,85.859,1
2019-2021,1°,2ª,ARQUITETURA E URBANISMO (BACHARELADO),DARCY RIBEIRO,DIURNO,2,Cota para Negros,39.61,39.61,39.61,1
2019-2021,1°,1ª,ARQUITETURA E URBANISMO (BACHARELADO),DARCY RIBEIRO,NOTURNO,1,Sistema Universal,19.181,76.568,37.349,6
2019-2021,1°,2ª,ARQUITETURA E URBANISMO (BACHARELADO),DARCY RIBEIRO,NOTURNO,1,Sistema Universal,18.235,18.235,18.235,1
2019-2021,1°,1ª,ARQUITETURA E URBANISMO (BACHARELADO),DARCY RIBEIRO,NOTURNO,2,Cota para Negros,-2.692,-2.692,-2.692,1
2019-2021,1°,1ª,ARQUIVOLOGIA (BACHARELADO),DARCY RIBEIRO,NOTURNO,1,Sistema Universal,-38.167,-5.298,-29.839,7
2019-2021,1°,1ª,ARQUIVOLOGIA (BACHARELADO),DARCY RIBEIRO,NOTURNO,2,Cota para Negros,-72.96,-72.96,-72.96,1
2019-2021,1°,1ª,ARTES CÊNICAS - INTERPRETAÇÃO TEATRAL (BACHARELADO)*,DARCY RIBEIRO,DIURNO,1,Sistema Universal,22.845,22.845,22.845,1
2019-2021,1°,1ª,ARTES VISUAIS (BACHARELADO)*,DARCY RIBEIRO,DIURNO,1,Sistema Universal,-21.226,10.926,-15.798,5
2019-2021,1°,1ª,BIBLIOTECONOMIA (BACHARELADO),DARCY RIBEIRO,DIURNO,1,Sistema Universal,-80.935,60.65,-21.481,11
2019-2021,1°,1ª,BIBLIOTECONOMIA (BACHARELADO),DARCY RIBEIRO,DIURNO,2,Cota para Negros,-13.884,-13.884,-13.884,1
2019-2021,1°,1ª,BIOTECNOLOGIA (BACHARELADO),DARCY RIBEIRO,DIURNO,1,Sistema Universal,87.359,154.249,110.616,9
2019-2021,1°,2ª,BIOTECNOLOGIA (BACHARELADO),DARCY RIBEIRO,DIURNO,1,Sistema Universal,74.627,83.31,78.897,5
2019-2021,1°,3ª,BIOTECNOLOGIA (BACHARELADO),DARCY RIBEIRO,DIURNO,1,Sistema Universal,71.758,73.491,72.681,4
2019-2021,1°,1ª,BIOTECNOLOGIA (BACHARELADO),DARCY RIBEIRO,DIURNO,2,Cota para Negros,29.186,29.186,29.186,1
2019-2021,1°,1ª,CIÊNCIA DA COMPUTAÇÃO (BACHARELADO),DARCY RIBEIRO,DIURNO,1,Sistema Universal,115.002,192.188,139.258,9
2019-2021,1°,2ª,CIÊNCIA DA COMPUTAÇÃO (BACHARELADO),DARCY RIBEIRO,DIURNO,1,Sistema Universal,93.273,111.206,101.924,6
2019-2021,1°,3ª,CIÊNCIA DA COMPUTAÇÃO (BACHARELADO),DARCY RIBEIRO,DIURNO,1,Sistema Universal,91.104,91.104,91.104,1
2019-2021,1°,1ª,CIÊNCIA DA COMPUTAÇÃO (BACHARELADO),DARCY RIBEIRO,DIURNO,2,Cota para Negros,82.755,82.755,82.755,1
2019-2021,1°,1ª,CIÊNCIA POLÍTICA (BACHARELADO),DARCY RIBEIRO,DIURNO,1,Sistema Universal,47.264,128.476,69.763,10
2019-2021,1°,2ª,CIÊNCIA POLÍTICA (BACHARELADO),DARCY RIBEIRO,DIURNO,1,Sistema Universal,41.65,46.06,43.864,4
2019-2021,1°,3ª,CIÊNCIA POLÍTICA (BACHARELADO),DARCY RIBEIRO,DIURNO,1,Sistema Universal,40.545,40.664,40.604,2
2019-2021,1°,4ª,CIÊNCIA POLÍTICA (BACHARELADO),DARCY RIBEIRO,DIURNO,1,Sistema Universal,39.954,39.954,39.954,1
2019-2021,1°,1ª,CIÊNCIA POLÍTICA (BACHARELADO),DARCY RIBEIRO,DIURNO,2,Cota para Negros,-6.889,-6.889,-6.889,1
2019-2021,1°,1ª,CIÊNCIAS AMBIENTAIS (BACHARELADO),DARCY RIBEIRO,NOTURNO,1,Sistema Universal,-63.616,118.331,-13.805,7
2019-2021,1°,1ª,CIÊNCIAS AMBIENTAIS (BACHARELADO),DARCY RIBEIRO,NOTURNO,2,Cota para Negros,-16.032,-16.032,-16.032,1
2019-2021,1°,1ª,CIÊNCIAS BIOLÓGICAS (BACHARELADO),DARCY RIBEIRO,DIURNO,1,Sistema Universal,61.373,143.742,92.189,9
2019-2021,1°,2ª,CIÊNCIAS BIOLÓGICAS (BACHARELADO),DARCY RIBEIRO,DIURNO,1,Sistema Universal,46.285,55.995,49.972,3
2019-2021,1°,1ª,CIÊNCIAS BIOLÓGICAS (BACHARELADO),DARCY RIBEIRO,DIURNO,2,Cota para Negros,45.804,45.804,45.804,1
2019-2021,1°,1ª,CIÊNCIAS CONTÁBEIS (BACHARELADO),DARCY RIBEIRO,DIURNO,1,Sistema Universal,13.056,64.385,29.036,15
2019-2021,1°,2ª,CIÊNCIAS CONTÁBEIS (BACHARELADO),DARCY RIBEIRO,DIURNO,1,Sistema Universal,-6.471,5.103,-0.487,6
2019-2021,1°,3ª,CIÊNCIAS CONTÁBEIS (BACHARELADO),DARCY RIBEIRO,DIURNO,1,Sistema Universal,-13.518,-7.663,-10.434,5
2019-2021,1°,4ª,CIÊNCIAS CONTÁBEIS (BACHARELADO),DARCY RIBEIRO,DIURNO,1,Sistema Universal,-17.111,-17.111,-17.111,1
2019-2021,1°,1ª,CIÊNCIAS CONTÁBEIS (BACHARELADO),DARCY RIBEIRO,DIURNO,2,Cota para Negros,-30.284,-23.245,-26.764,2
2019-2021,1°,1ª,CIÊNCIAS CONTÁBEIS (BACHARELADO),DARCY RIBEIRO,NOTURNO,1,Sistema Universal,-20.052,46.127,0.295,12
2019-2021,1°,2ª,CIÊNCIAS CONTÁBEIS (BACHARELADO),DARCY RIBEIRO,NOTURNO,1,Sistema Universal,-68.443,-47.052,-54.532,4
2019-2021,1°,3ª,CIÊNCIAS CONTÁBEIS (BACHARELADO),DARCY RIBEIRO,NOTURNO,1,Sistema Universal,-77.193,-69.066,-73.13,2
2019-2021,1°,1ª,CIÊNCIAS CONTÁBEIS (BACHARELADO),DARCY RIBEIRO,NOTURNO,2,Cota para Negros,-2.467,25.446,11.49,2
2019-2021,1°,2ª,CIÊNCIAS CONTÁBEIS (BACHARELADO),DARCY RIBEIRO,NOTURNO,2,Cota para Negros,-65.721,-65.721,-65.721,1
2019-2021,1°,1ª,CIÊNCIAS ECONÔMICAS (BACHARELADO),DARCY RIBEIRO,DIURNO,1,Sistema Universal,92.033,175.077,119.796,11
2019-2021,1°,2ª,CIÊNCIAS ECONÔMICAS (BACHARELADO),DARCY RIBEIRO,DIURNO,1,Sistema Universal,83.453,91.369,87.241,7
2019-2021,1°,3ª,CIÊNCIAS ECONÔMICAS (BACHARELADO),DARCY RIBEIRO,DIURNO,1,Sistema Universal,78.715,82.601,80.658,2
2019-2021,1°,4ª,CIÊNCIAS ECONÔMICAS (BACHARELADO),DARCY RIBEIRO,DIURNO,1,Sistema Universal,70.694,74.442,72.568,2
2019-2021,1°,1ª,CIÊNCIAS ECONÔMICAS (BACHARELADO),DARCY RIBEIRO,DIURNO,2,Cota para Negros,19.037,19.037,19.037,1
2019-2021,1°,1ª,CIÊNCIAS NATURAIS (LICENCIATURA),PLANALTINA,NOTURNO,1,Sistema Universal,-76.854,-20.469,-53.997,9
2019-2021,1°,1ª,CIÊNCIAS NATURAIS (LICENCIATURA),PLANALTINA,NOTURNO,2,Cota para Negros,-90.203,-90.203,-90.203,1
2019-2021,1°,1ª,CIÊNCIAS SOCIAIS - ANTROPOLOGIA / SOCIOLOGIA (BACHARELADO/LICENCIATURA),DARCY RIBEIRO,DIURNO,1,Sistema Universal,11.533,94.463,40.74,20
2019-2021,1°,2ª,CIÊNCIAS SOCIAIS - ANTROPOLOGIA / SOCIOLOGIA (BACHARELADO/LICENCIATURA),DARCY RIBEIRO,DIURNO,1,Sistema Universal,-0.395,8.634,3.572,5
2019-2021,1°,3ª,CIÊNCIAS SOCIAIS - ANTROPOLOGIA / SOCIOLOGIA (BACHARELADO/LICENCIATURA),DARCY RIBEIRO,DIURNO,1,Sistema Universal,-11.21,-1.867,-8.144,4
2019-2021,1°,4ª,CIÊNCIAS SOCIAIS - ANTROPOLOGIA / SOCIOLOGIA (BACHARELADO/LICENCIATURA),DARCY RIBEIRO,DIURNO,1,Sistema Universal,-15.478,-15.478,-15.478,1
2019-2021,1°,1ª,CIÊNCIAS SOCIAIS - ANTROPOLOGIA / SOCIOLOGIA (BACHARELADO/LICENCIATURA),DARCY RIBEIRO,DIURNO,2,Cota para Negros,0.428,6.996,3.712,2
2019-2021,1°,1ª,COMPUTAÇÃO (LICENCIATURA),DARCY RIBEIRO,NOTURNO,1,Sistema Universal,-20.863,34.167,-6.053,17
2019-2021,1°,2ª,COMPUTAÇÃO (LICENCIATURA),DARCY RIBEIRO,NOTURNO,1,Sistema Universal,-34.12,-21.081,-28.998,4
2019-2021,1°,3ª,COMPUTAÇÃO (LICENCIATURA),DARCY RIBEIRO,NOTURNO,1,Sistema Universal,-49.859,-37.342,-43.6,2
2019-2021,1°,4ª,COMPUTAÇÃO (LICENCIATURA),DARCY RIBEIRO,NOTURNO,1,Sistema Universal,-61.279,-52.515,-56.897,2
2019-2021,1°,1ª,COMPUTAÇÃO (LICENCIATURA),DARCY RIBEIRO,NOTURNO,2,Cota para Negros,-3.314,-3.314,-3.314,1
2019-2021,1°,1ª,COMUNICAÇÃO ORGANIZACIONAL (BACHARELADO),DARCY RIBEIRO,NOTURNO,1,Sistema Universal,-17.502,62.26,9.714,14
2019-2021,1°,2ª,COMUNICAÇÃO ORGANIZACIONAL (BACHARELADO),DARCY RIBEIRO,NOTURNO,1,Sistema Universal,-47.249,-17.748,-32.161,6
2019-2021,1°,1ª,COMUNICAÇÃO ORGANIZACIONAL (BACHARELADO),DARCY RIBEIRO,NOTURNO,2,Cota para Negros,-78.071,-78.071,-78.071,1
2019-2021,1°,1ª,COMUNICAÇÃO SOCIAL - AUDIOVISUAL (BACHARELADO),DARCY RIBEIRO,DIURNO,1,Sistema Universal,64.46,116.156,77.777,4
2019-2021,1°,2ª,COMUNICAÇÃO SOCIAL - AUDIOVISUAL (BACHARELADO),DARCY RIBEIRO,DIURNO,1,Sistema Universal,55.42,55.42,55.42,1
2019-2021,1°,3ª,COMUNICAÇÃO SOCIAL - AUDIOVISUAL (BACHARELADO),DARCY RIBEIRO,DIURNO,1,Sistema Universal,52.904,52.904,52.904,1
2019-2021,1°,1ª,COMUNICAÇÃO SOCIAL - AUDIOVISUAL (BACHARELADO),DARCY RIBEIRO,DIURNO,2,Cota para Negros,48.632,48.632,48.632,1
2019-2021,1°,1ª,COMUNICAÇÃO SOCIAL - PUBLICIDADE E PROPAGANDA (BACHARELADO),DARCY RIBEIRO,DIURNO,1,Sistema Universal,77.921,129.694,95.275,4
2019-2021,1°,1ª,COMUNICAÇÃO SOCIAL - PUBLICIDADE E PROPAGANDA (BACHARELADO),DARCY RIBEIRO,DIURNO,2,Cota para Negros,35.413,35.413,35.413,1
2019-2021,1°,1ª,DESIGN - PROGRAMAÇÃO VISUAL/PROJETO DO PRODUTO (BACHARELADO),DARCY RIBEIRO,DIURNO,1,Sistema Universal,80.914,98.283,91.246,4
2019-2021,1°,2ª,DESIGN - PROGRAMAÇÃO VISUAL/PROJETO DO PRODUTO (BACHARELADO),DARCY RIBEIRO,DIURNO,1,Sistema Universal,78.53,78.53,78.53,1
2019-2021,1°,1ª,DESIGN - PROGRAMAÇÃO VISUAL/PROJETO DO PRODUTO (BACHARELADO),DARCY RIBEIRO,DIURNO,2,Cota para Negros,24.028,24.028,24.028,1
2019-2021,1°,1ª,DIREITO (BACHARELADO),DARCY RIBEIRO,DIURNO,1,Sistema Universal,113.772,155.752,132.946,12
2019-2021,1°,2ª,DIREITO (BACHARELADO),DARCY RIBEIRO,DIURNO,1,Sistema Universal,110.177,113.534,111.76,5
2019-2021,1°,3ª,DIREITO (BACHARELADO),DARCY RIBEIRO,DIURNO,1,Sistema Universal,109.245,109.245,109.245,1
2019-2021,1°,1ª,DIREITO (BACHARELADO),DARCY RIBEIRO,DIURNO,2,Cota para Negros,71.703,98.148,84.926,2
2019-2021,1°,2ª,DIREITO (BACHARELADO),DARCY RIBEIRO,DIURNO,2,Cota para Negros,64.219,64.219,64.219,1
2019-2021,1°,1ª,DIREITO (BACHARELADO),DARCY RIBEIRO,NOTURNO,1,Sistema Universal,77.019,114.418,87.082,12
2019-2021,1°,2ª,DIREITO (BACHARELADO),DARCY RIBEIRO,NOTURNO,1,Sistema Universal,74.255,74.44,74.348,2
2019-2021,1°,1ª,DIREITO (BACHARELADO),DARCY RIBEIRO,NOTURNO,2,Cota para Negros,84.592,84.592,68.748,2
2019-2021,1°,2ª,DIREITO (BACHARELADO),DARCY RIBEIRO,NOTURNO,2,Cota para Negros,51.651,51.651,51.651,1
2019-2021,1°,1ª,EDUCAÇÃO FÍSICA (BACHARELADO),DARCY RIBEIRO,DIURNO,1,Sistema Universal,8.352,45.082,23.968,11
2019-2021,1°,2ª,EDUCAÇÃO FÍSICA (BACHARELADO),DARCY RIBEIRO,DIURNO,1,Sistema Universal,6.549,8.241,7.373,3
2019-2021,1°,1ª,EDUCAÇÃO FÍSICA (BACHARELADO),DARCY RIBEIRO,DIURNO,2,Cota para Negros,-7.405,-7.405,-7.405,1
2019-2021,1°,1ª,EDUCAÇÃO FÍSICA (LICENCIATURA),DARCY RIBEIRO,DIURNO,1,Sistema Universal,-21.256,46.723,-1.38,11
2019-2021,1°,2ª,EDUCAÇÃO FÍSICA (LICENCIATURA),DARCY RIBEIRO,DIURNO,1,Sistema Universal,-24.415,-22.911,-23.765,4
2019-2021,1°,1ª,EDUCAÇÃO FÍSICA (LICENCIATURA),DARCY RIBEIRO,DIURNO,2,Cota para Negros,-18.38,-18.38,-18.38,1
2019-2021,1°,1ª,ENFERMAGEM (BACHARELADO),CEILÂNDIA,DIURNO,1,Sistema Universal,26.432,71.32,45.489,11
2019-2021,1°,2ª,ENFERMAGEM (BACHARELADO),CEILÂNDIA,DIURNO,1,Sistema Universal,22.267,26.079,24.279,3
2019-2021,1°,1ª,ENFERMAGEM (BACHARELADO),DARCY RIBEIRO,DIURNO,1,Sistema Universal,53.945,104.45,69.611,9
2019-2021,1°,2ª,ENFERMAGEM (BACHARELADO),DARCY RIBEIRO,DIURNO,1,Sistema Universal,37.764,40.64,38.803,3
2019-2021,1°,3ª,ENFERMAGEM (BACHARELADO),DARCY RIBEIRO,DIURNO,1,Sistema Universal,36.528,37.25,36.889,2
2019-2021,1°,1ª,ENFERMAGEM (BACHARELADO),DARCY RIBEIRO,DIURNO,2,Cota para Negros,33.356,33.356,33.356,1
2019-2021,1°,1ª,ENGENHARIA AMBIENTAL (BACHARELADO),DARCY RIBEIRO,DIURNO,1,Sistema Universal,26.947,94.16,51.415,8
2019-2021,1°,2ª,ENGENHARIA AMBIENTAL (BACHARELADO),DARCY RIBEIRO,DIURNO,1,Sistema Universal,-23.316,14.783,-6.707,3
2019-2021,1°,1ª,ENGENHARIA AMBIENTAL (BACHARELADO),DARCY RIBEIRO,DIURNO,2,Cota para Negros,72.619,72.619,72.619,1
2019-2021,1°,1ª,ENGENHARIA CIVIL (BACHARELADO),DARCY RIBEIRO,DIURNO,1,Sistema Universal,96.375,155.602,118.505,9
2019-2021,1°,2ª,ENGENHARIA CIVIL (BACHARELADO),DARCY RIBEIRO,DIURNO,1,Sistema Universal,57.499,94.091,73.7,6
2019-2021,1°,3ª,ENGENHARIA CIVIL (BACHARELADO),DARCY RIBEIRO,DIURNO,1,Sistema Universal,44.107,50.913,46.78,3
2019-2021,1°,1ª,ENGENHARIA CIVIL (BACHARELADO),DARCY RIBEIRO,DIURNO,2,Cota para Negros,14.522,14.522,14.522,1
2019-2021,1°,1ª,ENGENHARIA DE COMPUTAÇÃO (BACHARELADO),DARCY RIBEIRO,DIURNO,1,Sistema Universal,131.45,163.169,145.754,8
2019-2021,1°,2ª,ENGENHARIA DE COMPUTAÇÃO (BACHARELADO),DARCY RIBEIRO,DIURNO,1,Sistema Universal,121.26,129.683,124.33,6
2019-2021,1°,3ª,ENGENHARIA DE COMPUTAÇÃO (BACHARELADO),DARCY RIBEIRO,DIURNO,1,Sistema Universal,115.839,119.923,118.23,3
2019-2021,1°,4ª,ENGENHARIA DE COMPUTAÇÃO (BACHARELADO),DARCY RIBEIRO,DIURNO,1,Sistema Universal,114.818,114.818,114.818,1
2019-2021,1°,1ª,ENGENHARIA DE COMPUTAÇÃO (BACHARELADO),DARCY RIBEIRO,DIURNO,2,Cota para Negros,84.173,84.173,84.173,1
2019-2021,1°,1ª,ENGENHARIA DE PRODUÇÃO (BACHARELADO),DARCY RIBEIRO,NOTURNO,1,Sistema Universal,42.183,131.038,71.11,15
2019-2021,1°,2ª,ENGENHARIA DE PRODUÇÃO (BACHARELADO),DARCY RIBEIRO,NOTURNO,1,Sistema Universal,9.587,40.879,21.487,8
2019-2021,1°,3ª,ENGENHARIA DE PRODUÇÃO (BACHARELADO),DARCY RIBEIRO,NOTURNO,1,Sistema Universal,-2.961,7.765,3.694,3
2019-2021,1°,1ª,ENGENHARIA DE PRODUÇÃO (BACHARELADO),DARCY RIBEIRO,NOTURNO,2,Cota para Negros,-20.158,-20.158,-20.158,1
2019-2021,1°,1ª,ENGENHARIA DE REDES DE COMUNICAÇÃO (BACHARELADO),DARCY RIBEIRO,DIURNO,1,Sistema Universal,1.695,71.841,24.47,12
2019-2021,1°,2ª,ENGENHARIA DE REDES DE COMUNICAÇÃO (BACHARELADO),DARCY RIBEIRO,DIURNO,1,Sistema Universal,-12.896,-5.317,-8.503,4
2019-2021,1°,3ª,ENGENHARIA DE REDES DE COMUNICAÇÃO (BACHARELADO),DARCY RIBEIRO,DIURNO,1,Sistema Universal,-20.448,-20.448,-20.448,1
2019-2021,1°,1ª,ENGENHARIA DE REDES DE COMUNICAÇÃO (BACHARELADO),DARCY RIBEIRO,DIURNO,2,Cota para Negros,24.498,24.498,24.498,1
2019-2021,1°,1ª,ENGENHARIA ELÉTRICA (BACHARELADO),DARCY RIBEIRO,DIURNO,1,Sistema Universal,112.072,189.172,131.965,9
2019-2021,1°,2ª,ENGENHARIA ELÉTRICA (BACHARELADO),DARCY RIBEIRO,DIURNO,1,Sistema Universal,73.896,106.479,88.381,10
2019-2021,1°,3ª,ENGENHARIA ELÉTRICA (BACHARELADO),DARCY RIBEIRO,DIURNO,1,Sistema Universal,48.304,73.618,64.369,6
2019-2021,1°,4ª,ENGENHARIA ELÉTRICA (BACHARELADO),DARCY RIBEIRO,DIURNO,1,Sistema Universal,34.986,43.778,40.636,3
2019-2021,1°,1ª,ENGENHARIA FLORESTAL (BACHARELADO),DARCY RIBEIRO,DIURNO,1,Sistema Universal,-71.066,30.842,-14.315,12
2019-2021,1°,1ª,ENGENHARIA FLORESTAL (BACHARELADO),DARCY RIBEIRO,DIURNO,2,Cota para Negros,-32.127,-32.127,-32.127,1
2019-2021,1°,1ª,ENGENHARIA MECATRÔNICA - CONTROLE E AUTOMAÇÃO (BACHARELADO),DARCY RIBEIRO,DIURNO,1,Sistema Universal,115.354,193.348,147.981,9
2019-2021,1°,2ª,ENGENHARIA MECATRÔNICA - CONTROLE E AUTOMAÇÃO (BACHARELADO),DARCY RIBEIRO,DIURNO,1,Sistema Universal,95.302,114.886,107.089,8
2019-2021,1°,3ª,ENGENHARIA MECATRÔNICA - CONTROLE E AUTOMAÇÃO (BACHARELADO),DARCY RIBEIRO,DIURNO,1,Sistema Universal,73.329,90.223,82.363,5
2019-2021,1°,4ª,ENGENHARIA MECATRÔNICA - CONTROLE E AUTOMAÇÃO (BACHARELADO),DARCY RIBEIRO,DIURNO,1,Sistema Universal,51.177,67.189,60.54,6
2019-2021,1°,1ª,ENGENHARIA MECATRÔNICA - CONTROLE E AUTOMAÇÃO (BACHARELADO),DARCY RIBEIRO,DIURNO,2,Cota para Negros,84.165,84.165,84.165,1
2019-2021,1°,1ª,ENGENHARIA MECÂNICA (BACHARELADO),DARCY RIBEIRO,DIURNO,1,Sistema Universal,80.147,128.922,104.545,8
2019-2021,1°,2ª,ENGENHARIA MECÂNICA (BACHARELADO),DARCY RIBEIRO,DIURNO,1,Sistema Universal,76.548,80.042,78.124,4
2019-2021,1°,3ª,ENGENHARIA MECÂNICA (BACHARELADO),DARCY RIBEIRO,DIURNO,1,Sistema Universal,37.795,54.847,48.525,4
2019-2021,1°,4ª,ENGENHARIA MECÂNICA (BACHARELADO),DARCY RIBEIRO,DIURNO,1,Sistema Universal,33.034,35.484,34.259,2
2019-2021,1°,1ª,ENGENHARIA MECÂNICA (BACHARELADO),DARCY RIBEIRO,DIURNO,2,Cota para Negros,25.588,25.588,25.588,1
2019-2021,1°,1ª,ENGENHARIA QUÍMICA (BACHARELADO),DARCY RIBEIRO,DIURNO,1,Sistema Universal,70.109,168.79,108.081,11
2019-2021,1°,2ª,ENGENHARIA QUÍMICA (BACHARELADO),DARCY RIBEIRO,DIURNO,1,Sistema Universal,38.765,65.192,49.34,8
2019-2021,1°,3ª,ENGENHARIA QUÍMICA (BACHARELADO),DARCY RIBEIRO,DIURNO,1,Sistema Universal,31.477,38.648,34.639,4
2019-2021,1°,1ª,ENGENHARIA QUÍMICA (BACHARELADO),DARCY RIBEIRO,DIURNO,2,Cota para Negros,11.144,11.144,11.144,1
2019-2021,1°,1ª,ENGENHARIAS - AEROESPACIAL / AUTOMOTIVA / ELETRÔNICA / ENERGIA / SOFTWARE (BACHARELADOS)**,GAMA,DIURNO,1,Sistema Universal,50.649,175.146,83.175,61
2019-2021,1°,2ª,ENGENHARIAS - AEROESPACIAL / AUTOMOTIVA / ELETRÔNICA / ENERGIA / SOFTWARE (BACHARELADOS)**,GAMA,DIURNO,1,Sistema Universal,35.869,49.905,43.147,29
2019-2021,1°,3ª,ENGENHARIAS - AEROESPACIAL / AUTOMOTIVA / ELETRÔNICA / ENERGIA / SOFTWARE (BACHARELADOS)**,GAMA,DIURNO,1,Sistema Universal,29.939,35.389,32.832,15
2019-2021,1°,4ª,ENGENHARIAS - AEROESPACIAL / AUTOMOTIVA / ELETRÔNICA / ENERGIA / SOFTWARE (BACHARELADOS)**,GAMA,DIURNO,1,Sistema Universal,26.128,29.914,28.031,8
2019-2021,1°,1ª,ENGENHARIAS - AEROESPACIAL / AUTOMOTIVA / ELETRÔNICA / ENERGIA / SOFTWARE (BACHARELADOS)**,GAMA,DIURNO,2,Cota para Negros,3.555,62.949,22.306,7
2019-2021,1°,2ª,ENGENHARIAS - AEROESPACIAL / AUTOMOTIVA / ELETRÔNICA / ENERGIA / SOFTWARE (BACHARELADOS)**,GAMA,DIURNO,2,Cota para Negros,0.265,0.877,0.571,2
2019-2021,1°,3ª,ENGENHARIAS - AEROESPACIAL / AUTOMOTIVA / ELETRÔNICA / ENERGIA / SOFTWARE (BACHARELADOS)**,GAMA,DIURNO,2,Cota para Negros,-5.039,-5.039,-5.039,1
2019-2021,1°,4ª,ENGENHARIAS - AEROESPACIAL / AUTOMOTIVA / ELETRÔNICA / ENERGIA / SOFTWARE (BACHARELADOS)**,GAMA,DIURNO,2,Cota para Negros,-9.952,-9.952,-9.952,1
2019-2021,1°,1ª,ESTATÍSTICA (BACHARELADO),DARCY RIBEIRO,DIURNO,1,Sistema Universal,34.508,121.268,64.507,14
2019-2021,1°,2ª,ESTATÍSTICA (BACHARELADO),DARCY RIBEIRO,DIURNO,1,Sistema Universal,11.03,34.181,21.847,6
2019-2021,1°,3ª,ESTATÍSTICA (BACHARELADO),DARCY RIBEIRO,DIURNO,1,Sistema Universal,-8.9,8.506,1.062,3
2019-2021,1°,4ª,ESTATÍSTICA (BACHARELADO),DARCY RIBEIRO,DIURNO,1,Sistema Universal,-27.848,-12.973,-20.41,2
2019-2021,1°,1ª,ESTATÍSTICA (BACHARELADO),DARCY RIBEIRO,DIURNO,2,Cota para Negros,-38.073,-38.073,-38.073,1
2019-2021,1°,1ª,FARMÁCIA (BACHARELADO),CEILÂNDIA,DIURNO,1,Sistema Universal,-1.212,74.556,27.219,10
2019-2021,1°,2ª,FARMÁCIA (BACHARELADO),CEILÂNDIA,DIURNO,1,Sistema Universal,-1.66,-1.66,-1.66,1
2019-2021,1°,1ª,FARMÁCIA (BACHARELADO),CEILÂNDIA,DIURNO,2,Cota para Negros,3.739,3.739,3.739,1
2019-2021,1°,1ª,FARMÁCIA (BACHARELADO),DARCY RIBEIRO,DIURNO,1,Sistema Universal,60.297,114.584,79.935,9
2019-2021,1°,2ª,FARMÁCIA (BACHARELADO),DARCY RIBEIRO,DIURNO,1,Sistema Universal,34.795,50.289,39.645,5
2019-2021,1°,3ª,FARMÁCIA (BACHARELADO),DARCY RIBEIRO,DIURNO,1,Sistema Universal,15.482,33.752,22.678,4
2019-2021,1°,4ª,FARMÁCIA (BACHARELADO),DARCY RIBEIRO,DIURNO,1,Sistema Universal,12.5,12.885,12.692,2
2019-2021,1°,1ª,FARMÁCIA (BACHARELADO),DARCY RIBEIRO,DIURNO,2,Cota para Negros,51.589,51.589,51.589,1
2019-2021,1°,2ª,FARMÁCIA (BACHARELADO),DARCY RIBEIRO,DIURNO,2,Cota para Negros,43.689,43.689,43.689,1
2019-2021,1°,3ª,FARMÁCIA (BACHARELADO),DARCY RIBEIRO,DIURNO,2,Cota para Negros,-17.335,-17.335,-17.335,1
2019-2021,1°,1ª,FARMÁCIA (BACHARELADO),DARCY RIBEIRO,NOTURNO,1,Sistema Universal,14.0,29.537,19.843,5
2019-2021,1°,1ª,FARMÁCIA (BACHARELADO),DARCY RIBEIRO,NOTURNO,2,Cota para Negros,39.999,39.999,39.999,1
2019-2021,1°,1ª,FILOSOFIA (BACHARELADO/LICENCIATURA),DARCY RIBEIRO,DIURNO,1,Sistema Universal,-69.896,33.582,-21.334,13
2019-2021,1°,1ª,FILOSOFIA (LICENCIATURA),DARCY RIBEIRO,NOTURNO,1,Sistema Universal,-52.983,-14.057,-35.553,3
2019-2021,1°,1ª,FISIOTERAPIA (BACHARELADO),CEILÂNDIA,DIURNO,1,Sistema Universal,30.618,121.109,70.13,11
2019-2021,1°,2ª,FISIOTERAPIA (BACHARELADO),CEILÂNDIA,DIURNO,1,Sistema Universal,20.541,30.35,24.896,4
2019-2021,1°,3ª,FISIOTERAPIA (BACHARELADO),CEILÂNDIA,DIURNO,1,Sistema Universal,19.214,20.414,19.814,2
2019-2021,1°,1ª,FISIOTERAPIA (BACHARELADO),CEILÂNDIA,DIURNO,2,Cota para Negros,23.699,23.699,23.699,1
2019-2021,1°,2ª,FISIOTERAPIA (BACHARELADO),CEILÂNDIA,DIURNO,2,Cota para Negros,20.772,20.772,20.772,1
2019-2021,1°,1ª,FONOAUDIOLOGIA (BACHARELADO),CEILÂNDIA,DIURNO,1,Sistema Universal,-14.934,11.358,-1.501,6
2019-2021,1°,2ª,FONOAUDIOLOGIA (BACHARELADO),CEILÂNDIA,DIURNO,1,Sistema Universal,-17.182,-17.182,-17.182,1
2019-2021,1°,1ª,FONOAUDIOLOGIA (BACHARELADO),CEILÂNDIA,DIURNO,2,Cota para Negros,46.715,46.715,46.715,1
2019-2021,1°,1ª,FÍSICA (BACHARELADO),DARCY RIBEIRO,DIURNO,1,Sistema Universal,91.722,138.765,111.193,9
2019-2021,1°,2ª,FÍSICA (BACHARELADO),DARCY RIBEIRO,DIURNO,1,Sistema Universal,34.617,84.588,54.785,7
2019-2021,1°,3ª,FÍSICA (BACHARELADO),DARCY RIBEIRO,DIURNO,1,Sistema Universal,30.269,33.261,31.765,2
2019-2021,1°,4ª,FÍSICA (BACHARELADO),DARCY RIBEIRO,DIURNO,1,Sistema Universal,24.711,24.711,24.711,1
2019-2021,1°,1ª,GEOFÍSICA (BACHARELADO),DARCY RIBEIRO,DIURNO,1,Sistema Universal,-48.237,8.279,-19.831,4
2019-2021,1°,1ª,GEOFÍSICA (BACHARELADO),DARCY RIBEIRO,DIURNO,2,Cota para Negros,-6.216,-6.216,-6.216,1
2019-2021,1°,1ª,GEOGRAFIA (BACHARELADO/LICENCIATURA),DARCY RIBEIRO,DIURNO,1,Sistema Universal,-11.709,44.499,18.574,8
2019-2021,1°,2ª,GEOGRAFIA (BACHARELADO/LICENCIATURA),DARCY RIBEIRO,DIURNO,1,Sistema Universal,-45.797,-15.474,-31.59,6
2019-2021,1°,3ª,GEOGRAFIA (BACHARELADO/LICENCIATURA),DARCY RIBEIRO,DIURNO,1,Sistema Universal,-53.212,-47.201,-49.36,3
2019-2021,1°,4ª,GEOGRAFIA (BACHARELADO/LICENCIATURA),DARCY RIBEIRO,DIURNO,1,Sistema Universal,-56.719,-56.719,-56.719,1
2019-2021,1°,1ª,GEOGRAFIA (BACHARELADO/LICENCIATURA),DARCY RIBEIRO,DIURNO,2,Cota para Negros,-8.341,-8.341,-8.341,1
2019-2021,1°,2ª,GEOGRAFIA (BACHARELADO/LICENCIATURA),DARCY RIBEIRO,DIURNO,2,Cota para Negros,-19.667,-19.667,-19.667,1
2019-2021,1°,1ª,GEOLOGIA (BACHARELADO),DARCY RIBEIRO,DIURNO,1,Sistema Universal,-28.259,68.345,13.995,10
2019-2021,1°,1ª,GEOLOGIA (BACHARELADO),DARCY RIBEIRO,DIURNO,2,Cota para Negros,-33.967,-33.967,-33.967,1
2019-2021,1°,1ª,GESTÃO DE AGRONEGÓCIO (BACHARELADO),DARCY RIBEIRO,NOTURNO,1,Sistema Universal,-61.028,11.189,-33.76,7
2019-2021,1°,1ª,GESTÃO DE POLÍTICAS PÚBLICAS (BACHARELADO),DARCY RIBEIRO,NOTURNO,1,Sistema Universal,-51.535,51.644,-4.519,9
2019-2021,1°,2ª,GESTÃO DE POLÍTICAS PÚBLICAS (BACHARELADO),DARCY RIBEIRO,NOTURNO,1,Sistema Universal,-88.856,-53.567,-66.518,8
2019-2021,1°,1ª,GESTÃO DE POLÍTICAS PÚBLICAS (BACHARELADO),DARCY RIBEIRO,NOTURNO,2,Cota para Negros,-66.75,-66.75,-66.75,1
2019-2021,1°,1ª,HISTÓRIA (BACHARELADO/LICENCIATURA),DARCY RIBEIRO,DIURNO,1,Sistema Universal,44.047,105.499,71.797,9
2019-2021,1°,2ª,HISTÓRIA (BACHARELADO/LICENCIATURA),DARCY RIBEIRO,DIURNO,1,Sistema Universal,31.837,40.511,35.7,4
2019-2021,1°,3ª,HISTÓRIA (BACHARELADO/LICENCIATURA),DARCY RIBEIRO,DIURNO,1,Sistema Universal,31.443,31.443,31.443,1
2019-2021,1°,1ª,HISTÓRIA (BACHARELADO/LICENCIATURA),DARCY RIBEIRO,DIURNO,2,Cota para Negros,13.241,13.241,13.241,1
2019-2021,1°,1ª,HISTÓRIA (LICENCIATURA),DARCY RIBEIRO,NOTURNO,1,Sistema Universal,-38.56,24.313,-16.501,8
2019-2021,1°,2ª,HISTÓRIA (LICENCIATURA),DARCY RIBEIRO,NOTURNO,1,Sistema Universal,-44.375,-44.375,-44.375,1
2019-2021,1°,1ª,HISTÓRIA (LICENCIATURA),DARCY RIBEIRO,NOTURNO,2,Cota para Negros,25.055,25.055,25.055,1
2019-2021,1°,2ª,HISTÓRIA (LICENCIATURA),DARCY RIBEIRO,NOTURNO,2,Cota para Negros,-51.976,-51.976,-51.976,1
2019-2021,1°,1ª,JORNALISMO (BACHARELADO),DARCY RIBEIRO,DIURNO,1,Sistema Universal,91.063,117.234,101.592,3
2019-2021,1°,2ª,JORNALISMO (BACHARELADO),DARCY RIBEIRO,DIURNO,1,Sistema Universal,79.756,79.756,79.756,1
2019-2021,1°,1ª,JORNALISMO (BACHARELADO),DARCY RIBEIRO,DIURNO,2,Cota para Negros,76.01,76.01,76.01,1
2019-2021,1°,2ª,JORNALISMO (BACHARELADO),DARCY RIBEIRO,DIURNO,2,Cota para Negros,9.518,9.518,9.518,1
2019-2021,1°,1ª,LETRAS - PORTUGUÊS DO BRASIL COMO SEGUNDA LÍNGUA (LICENCIATURA),DARCY RIBEIRO,DIURNO,1,Sistema Universal,-10.942,45.035,8.738,8
2019-2021,1°,2ª,LETRAS - PORTUGUÊS DO BRASIL COMO SEGUNDA LÍNGUA (LICENCIATURA),DARCY RIBEIRO,DIURNO,1,Sistema Universal,-59.81,-18.708,-38.699,3
2019-2021,1°,1ª,LETRAS - TRADUÇÃO - FRANCÊS (BACHARELADO),DARCY RIBEIRO,DIURNO,1,Sistema Universal,14.02,14.02,-7.297,2
2019-2021,1°,1ª,LETRAS - TRADUÇÃO - INGLÊS (BACHARELADO),DARCY RIBEIRO,DIURNO,1,Sistema Universal,14.876,72.134,30.492,4
2019-2021,1°,1ª,LETRAS - TRADUÇÃO - INGLÊS (BACHARELADO),DARCY RIBEIRO,DIURNO,2,Cota para Negros,-51.286,-51.286,-51.286,1
2019-2021,1°,1ª,LETRAS - TRADUÇÃO ESPANHOL (BACHARELADO),DARCY RIBEIRO,NOTURNO,1,Sistema Universal,-59.585,-33.753,-46.669,2
2019-2021,1°,1ª,LICENCIATURA EM CIÊNCIAS BIOLÓGICAS,DARCY RIBEIRO,NOTURNO,1,Sistema Universal,5.948,116.233,32.398,9
2019-2021,1°,2ª,LICENCIATURA EM CIÊNCIAS BIOLÓGICAS,DARCY RIBEIRO,NOTURNO,1,Sistema Universal,-6.634,5.831,0.362,4
2019-2021,1°,1ª,LICENCIATURA EM CIÊNCIAS BIOLÓGICAS,DARCY RIBEIRO,NOTURNO,2,Cota para Negros,40.662,40.662,40.662,1
2019-2021,1°,1ª,LICENCIATURA EM FÍSICA,DARCY RIBEIRO,NOTURNO,1,Sistema Universal,22.96,94.263,22.158,4
2019-2021,1°,1ª,LICENCIATURA EM MATEMÁTICA,DARCY RIBEIRO,NOTURNO,1,Sistema Universal,-49.204,9.671,-19.356,6
2019-2021,1°,1ª,LICENCIATURA EM QUÍMICA,DARCY RIBEIRO,NOTURNO,1,Sistema Universal,-32.77,-32.77,-32.77,1
2019-2021,1°,1ª,LICENCIATURA EM QUÍMICA,DARCY RIBEIRO,NOTURNO,2,Cota para Negros,-44.645,-44.645,-44.645,1
2019-2021,1°,1ª,LÍNGUA E LITERATURA JAPONESA (LICENCIATURA),DARCY RIBEIRO,NOTURNO,1,Sistema Universal,-62.925,18.808,-28.978,5
2019-2021,1°,1ª,LÍNGUA ESPANHOLA E LITERATURA ESPANHOLA E HISPANO-AMERICANA (LICENCIATURA),DARCY RIBEIRO,NOTURNO,1,Sistema Universal,-45.412,13.701,-38.876,5
2019-2021,1°,1ª,LÍNGUA ESTRANGEIRA APLICADA - MULTILINGUISMO E SOCIEDADE DA INFORMAÇÃO (BACHARELADO),DARCY RIBEIRO,DIURNO,1,Sistema Universal,-55.946,50.274,7.68,9
2019-2021,1°,2ª,LÍNGUA ESTRANGEIRA APLICADA - MULTILINGUISMO E SOCIEDADE DA INFORMAÇÃO (BACHARELADO),DARCY RIBEIRO,DIURNO,1,Sistema Universal,-59.797,-59.797,-59.797,1
2019-2021,1°,1ª,LÍNGUA ESTRANGEIRA APLICADA - MULTILINGUISMO E SOCIEDADE DA INFORMAÇÃO (BACHARELADO),DARCY RIBEIRO,DIURNO,2,Cota para Negros,-34.469,-34.469,-34.469,1
2019-2021,1°,1ª,LÍNGUA FRANCESA E RESPECTIVA LITERATURA (BACHARELADO/LICENCIATURA),DARCY RIBEIRO,DIURNO,1,Sistema Universal,-44.511,28.361,-14.338,4
2019-2021,1°,1ª,LÍNGUA INGLESA E RESPECTIVA LITERATURA (BACHARELADO/LICENCIATURA),DARCY RIBEIRO,DIURNO,1,Sistema Universal,32.546,46.233,41.087,3
2019-2021,1°,2ª,LÍNGUA INGLESA E RESPECTIVA LITERATURA (BACHARELADO/LICENCIATURA),DARCY RIBEIRO,DIURNO,1,Sistema Universal,23.597,23.597,23.597,1
2019-2021,1°,3ª,LÍNGUA INGLESA E RESPECTIVA LITERATURA (BACHARELADO/LICENCIATURA),DARCY RIBEIRO,DIURNO,1,Sistema Universal,21.884,21.884,21.884,1
2019-2021,1°,1ª,LÍNGUA INGLESA E RESPECTIVA LITERATURA (BACHARELADO/LICENCIATURA),DARCY RIBEIRO,DIURNO,2,Cota para Negros,-25.636,-25.636,-25.636,1
2019-2021,1°,1ª,LÍNGUA PORTUGUESA E RESPECTIVA LITERATURA (BACHARELADO/LICENCIATURA),DARCY RIBEIRO,DIURNO,1,Sistema Universal,41.363,52.962,45.16,6
2019-2021,1°,2ª,LÍNGUA PORTUGUESA E RESPECTIVA LITERATURA (BACHARELADO/LICENCIATURA),DARCY RIBEIRO,DIURNO,1,Sistema Universal,9.624,10.921,10.129,3
2019-2021,1°,3ª,LÍNGUA PORTUGUESA E RESPECTIVA LITERATURA (BACHARELADO/LICENCIATURA),DARCY RIBEIRO,DIURNO,1,Sistema Universal,9.343,9.343,9.343,1
2019-2021,1°,1ª,LÍNGUA PORTUGUESA E RESPECTIVA LITERATURA (BACHARELADO/LICENCIATURA),DARCY RIBEIRO,DIURNO,2,Cota para Negros,8.583,8.583,8.583,1
2019-2021,1°,1ª,LÍNGUA PORTUGUESA E RESPECTIVA LITERATURA (LICENCIATURA),DARCY RIBEIRO,NOTURNO,1,Sistema Universal,-70.531,78.089,-18.923,7
2019-2021,1°,1ª,MATEMÁTICA (BACHARELADO/LICENCIATURA),DARCY RIBEIRO,DIURNO,1,Sistema Universal,22.51,91.155,40.139,9
2019-2021,1°,2ª,MATEMÁTICA (BACHARELADO/LICENCIATURA),DARCY RIBEIRO,DIURNO,1,Sistema Universal,13.143,19.531,16.337,2
2019-2021,1°,3ª,MATEMÁTICA (BACHARELADO/LICENCIATURA),DARCY RIBEIRO,DIURNO,1,Sistema Universal,11.514,11.514,11.514,1
2019-2021,1°,1ª,MEDICINA (BACHARELADO),DARCY RIBEIRO,DIURNO,1,Sistema Universal,173.841,206.948,184.208,9
2019-2021,1°,2ª,MEDICINA (BACHARELADO),DARCY RIBEIRO,DIURNO,1,Sistema Universal,170.076,173.646,171.666,4
2019-2021,1°,3ª,MEDICINA (BACHARELADO),DARCY RIBEIRO,DIURNO,1,Sistema Universal,163.498,165.68,164.589,2
2019-2021,1°,1ª,MEDICINA (BACHARELADO),DARCY RIBEIRO,DIURNO,2,Cota para Negros,130.611,130.611,130.611,1
2019-2021,1°,1ª,MEDICINA VETERINÁRIA (BACHARELADO),DARCY RIBEIRO,DIURNO,1,Sistema Universal,82.802,179.56,119.832,9
2019-2021,1°,2ª,MEDICINA VETERINÁRIA (BACHARELADO),DARCY RIBEIRO,DIURNO,1,Sistema Universal,63.668,75.86,68.921,7
2019-2021,1°,3ª,MEDICINA VETERINÁRIA (BACHARELADO),DARCY RIBEIRO,DIURNO,1,Sistema Universal,61.72,61.72,61.72,1
2019-2021,1°,1ª,MEDICINA VETERINÁRIA (BACHARELADO),DARCY RIBEIRO,DIURNO,2,Cota para Negros,68.27,68.27,68.27,1
2019-2021,1°,2ª,MEDICINA VETERINÁRIA (BACHARELADO),DARCY RIBEIRO,DIURNO,2,Cota para Negros,23.846,23.846,23.846,1
2019-2021,1°,1ª,MUSEOLOGIA (BACHARELADO),DARCY RIBEIRO,DIURNO,1,Sistema Universal,-69.548,21.708,-17.668,7
2019-2021,1°,1ª,MUSEOLOGIA (BACHARELADO),DARCY RIBEIRO,DIURNO,2,Cota para Negros,-59.2,-59.2,-59.2,1
2019-2021,1°,1ª,MÚSICA (LICENCIATURA)*,DARCY RIBEIRO,DIURNO,1,Sistema Universal,-14.609,59.144,1.939,5
2019-2021,1°,1ª,NUTRIÇÃO (BACHARELADO),DARCY RIBEIRO,DIURNO,1,Sistema Universal,64.371,93.954,78.465,7
2019-2021,1°,2ª,NUTRIÇÃO (BACHARELADO),DARCY RIBEIRO,DIURNO,1,Sistema Universal,45.873,60.985,51.356,4
2019-2021,1°,3ª,NUTRIÇÃO (BACHARELADO),DARCY RIBEIRO,DIURNO,1,Sistema Universal,45.093,45.093,45.093,1
2019-2021,1°,4ª,NUTRIÇÃO (BACHARELADO),DARCY RIBEIRO,DIURNO,1,Sistema Universal,44.802,44.802,44.802,1
2019-2021,1°,1ª,NUTRIÇÃO (BACHARELADO),DARCY RIBEIRO,DIURNO,2,Cota para Negros,27.706,27.706,27.706,1
2019-2021,1°,1ª,ODONTOLOGIA (BACHARELADO),DARCY RIBEIRO,DIURNO,1,Sistema Universal,81.777,129.578,97.086,6
2019-2021,1°,2ª,ODONTOLOGIA (BACHARELADO),DARCY RIBEIRO,DIURNO,1,Sistema Universal,81.322,81.468,81.395,2
2019-2021,1°,1ª,ODONTOLOGIA (BACHARELADO),DARCY RIBEIRO,DIURNO,2,Cota para Negros,71.784,71.784,71.784,1
2019-2021,1°,1ª,PEDAGOGIA (LICENCIATURA),DARCY RIBEIRO,DIURNO,1,Sistema Universal,-20.971,44.375,-1.9,16
2019-2021,1°,2ª,PEDAGOGIA (LICENCIATURA),DARCY RIBEIRO,DIURNO,1,Sistema Universal,-22.914,-21.346,-22.13,2
2019-2021,1°,1ª,PEDAGOGIA (LICENCIATURA),DARCY RIBEIRO,DIURNO,2,Cota para Negros,-9.929,-9.929,-9.929,1
2019-2021,1°,2ª,PEDAGOGIA (LICENCIATURA),DARCY RIBEIRO,DIURNO,2,Cota para Negros,-25.46,-22.551,-24.005,2
2019-2021,1°,1ª,PEDAGOGIA (LICENCIATURA),DARCY RIBEIRO,NOTURNO,1,Sistema Universal,-58.685,-3.162,-40.408,10
2019-2021,1°,2ª,PEDAGOGIA (LICENCIATURA),DARCY RIBEIRO,NOTURNO,1,Sistema Universal,-61.921,-60.987,-61.454,2
2019-2021,1°,3ª,PEDAGOGIA (LICENCIATURA),DARCY RIBEIRO,NOTURNO,1,Sistema Universal,-65.027,-65.027,-65.027,1
2019-2021,1°,4ª,PEDAGOGIA (LICENCIATURA),DARCY RIBEIRO,NOTURNO,1,Sistema Universal,-67.452,-67.452,-67.452,1
2019-2021,1°,1ª,PSICOLOGIA (BACHARELADO / LICENCIATURA / PSICÓLOGO),DARCY RIBEIRO,DIURNO,1,Sistema Universal,107.286,137.756,122.955,10
2019-2021,1°,2ª,PSICOLOGIA (BACHARELADO / LICENCIATURA / PSICÓLOGO),DARCY RIBEIRO,DIURNO,1,Sistema Universal,100.532,105.614,103.433,5
2019-2021,1°,3ª,PSICOLOGIA (BACHARELADO / LICENCIATURA / PSICÓLOGO),DARCY RIBEIRO,DIURNO,1,Sistema Universal,99.039,99.039,99.039,1
2019-2021,1°,1ª,PSICOLOGIA (BACHARELADO / LICENCIATURA / PSICÓLOGO),DARCY RIBEIRO,DIURNO,2,Cota para Negros,60.228,60.228,60.228,1
2019-2021,1°,1ª,QUÍMICA (BACHARELADO),DARCY RIBEIRO,DIURNO,1,Sistema Universal,16.702,89.253,52.708,7
2019-2021,1°,2ª,QUÍMICA (BACHARELADO),DARCY RIBEIRO,DIURNO,1,Sistema Universal,8.133,11.129,9.598,3
2019-2021,1°,3ª,QUÍMICA (BACHARELADO),DARCY RIBEIRO,DIURNO,1,Sistema Universal,6.54,7.299,6.92,2
2019-2021,1°,1ª,QUÍMICA (BACHARELADO),DARCY RIBEIRO,DIURNO,2,Cota para Negros,-22.823,-22.823,-22.823,1
2019-2021,1°,1ª,QUÍMICA TECNOLÓGICA (BACHARELADO),DARCY RIBEIRO,DIURNO,1,Sistema Universal,-21.218,65.907,14.426,5
2019-2021,1°,1ª,QUÍMICA TECNOLÓGICA (BACHARELADO),DARCY RIBEIRO,DIURNO,2,Cota para Negros,-2.177,-2.177,-2.177,1
2019-2021,1°,1ª,RELAÇÕES INTERNACIONAIS (BACHARELADO),DARCY RIBEIRO,DIURNO,1,Sistema Universal,98.313,152.744,116.395,11
2019-2021,1°,2ª,RELAÇÕES INTERNACIONAIS (BACHARELADO),DARCY RIBEIRO,DIURNO,1,Sistema Universal,91.105,95.318,92.294,4
2019-2021,1°,1ª,RELAÇÕES INTERNACIONAIS (BACHARELADO),DARCY RIBEIRO,DIURNO,2,Cota para Negros,47.562,47.562,47.562,1
2019-2021,1°,1ª,SAÚDE COLETIVA (BACHARELADO),CEILÂNDIA,DIURNO,1,Sistema Universal,-67.997,-30.724,-52.969,7
2019-2021,1°,1ª,SAÚDE COLETIVA (BACHARELADO),DARCY RIBEIRO,NOTURNO,1,Sistema Universal,-55.136,-44.554,-49.845,2
2019-2021,1°,1ª,SAÚDE COLETIVA (BACHARELADO),DARCY RIBEIRO,NOTURNO,2,Cota para Negros,-38.727,-38.727,-38.727,1
2019-2021,1°,1ª,SERVIÇO SOCIAL (BACHARELADO),DARCY RIBEIRO,DIURNO,1,Sistema Universal,3.922,58.117,26.719,9
2019-2021,1°,2ª,SERVIÇO SOCIAL (BACHARELADO),DARCY RIBEIRO,DIURNO,1,Sistema Universal,-26.159,-2.465,-13.518,5
2019-2021,1°,3ª,SERVIÇO SOCIAL (BACHARELADO),DARCY RIBEIRO,DIURNO,1,Sistema Universal,-35.353,-28.099,-31.033,3
2019-2021,1°,4ª,SERVIÇO SOCIAL (BACHARELADO),DARCY RIBEIRO,DIURNO,1,Sistema Universal,-36.342,-36.342,-36.342,1
2019-2021,1°,2ª,SERVIÇO SOCIAL (BACHARELADO),DARCY RIBEIRO,DIURNO,2,Cota para Negros,-36.719,-36.719,-36.719,1
2019-2021,1°,1ª,SERVIÇO SOCIAL (BACHARELADO),DARCY RIBEIRO,NOTURNO,1,Sistema Universal,-76.148,-22.823,-44.882,7
2019-2021,1°,1ª,"TEORIA, CRÍTICA E HISTÓRIA DA ARTE (BACHARELADO)",DARCY RIBEIRO,NOTURNO,1,Sistema Universal,48.548,50.763,34.627,3
2019-2021,1°,1ª,TERAPIA OCUPACIONAL (BACHARELADO),CEILÂNDIA,DIURNO,1,Sistema Universal,-21.685,19.322,-4.877,11
2019-2021,1°,2ª,TERAPIA OCUPACIONAL (BACHARELADO),CEILÂNDIA,DIURNO,1,Sistema Universal,-25.732,-25.732,-25.732,1
2019-2021,1°,1ª,TERAPIA OCUPACIONAL (BACHARELADO),CEILÂNDIA,DIURNO,2,Cota para Negros,-8.712,-8.712,-8.712,1
2019-2021,1°,2ª,TERAPIA OCUPACIONAL (BACHARELADO),CEILÂNDIA,DIURNO,2,Cota para Negros,-53.902,-53.902,-53.902,1
2019-2021,1°,1ª,TURISMO (BACHARELADO),DARCY RIBEIRO,DIURNO,1,Sistema Universal,-89.917,12.676,-48.933,12
2019-2021,1°,1ª,TURISMO (BACHARELADO),DARCY RIBEIRO,DIURNO,2,Cota para Negros,-21.951,-21.951,-21.951,1
2019-2021,2°,5ª,ADMINISTRAÇÃO (BACHARELADO),DARCY RIBEIRO,DIURNO,1,Sistema Universal,-8.893,-8.893,-8.893,1
2019-2021,2°,5ª,CIÊNCIA POLÍTICA (BACHARELADO),DARCY RIBEIRO,DIURNO,1,Sistema Universal,-31.467,-31.467,-31.467,1
2019-2021,2°,5ª,CIÊNCIAS BIOLÓGICAS (BACHARELADO),DARCY RIBEIRO,DIURNO,1,Sistema Universal,18.261,18.261,18.261,1
2019-2021,2°,5ª,EDUCAÇÃO FÍSICA (LICENCIATURA),DARCY RIBEIRO,DIURNO,1,Sistema Universal,-57.007,-57.007,-57.007,1
2019-2021,2°,5ª,ENGENHARIA CIVIL (BACHARELADO),DARCY RIBEIRO,DIURNO,1,Sistema Universal,-14.973,-14.973,-14.973,1
2019-2021,2°,5ª,ENGENHARIA DE COMPUTAÇÃO (BACHARELADO),DARCY RIBEIRO,DIURNO,1,Sistema Universal,82.925,82.925,82.925,1
2019-2021,2°,5ª,FARMÁCIA (BACHARELADO),DARCY RIBEIRO,DIURNO,1,Sistema Universal,-29.376,-29.195,-29.286,2
2019-2021,2°,5ª,LETRAS - TRADUÇÃO - INGLÊS (BACHARELADO),DARCY RIBEIRO,DIURNO,1,Sistema Universal,-58.453,-58.453,-58.453,1
2019-2021,2°,5ª,LÍNGUA PORTUGUESA E RESPECTIVA LITERATURA (BACHARELADO/LICENCIATURA),DARCY RIBEIRO,DIURNO,1,Sistema Universal,-73.797,-73.797,-73.797,1
2019-2021,2°,5ª,ARQUITETURA E URBANISMO (BACHARELADO),DARCY RIBEIRO,NOTURNO,1,Sistema Universal,-33.778,-33.778,-33.778,1
2019-2021,2°,1ª,ADMINISTRAÇÃO (BACHARELADO),DARCY RIBEIRO,DIURNO,1,Sistema Universal,9.652,29.64,20.198,11
2019-2021,2°,2ª,ADMINISTRAÇÃO (BACHARELADO),DARCY RIBEIRO,DIURNO,1,Sistema Universal,-0.417,8.194,2.441,7
2019-2021,2°,3ª,ADMINISTRAÇÃO (BACHARELADO),DARCY RIBEIRO,DIURNO,1,Sistema Universal,-6.962,-2.102,-5.078,5
2019-2021,2°,4ª,ADMINISTRAÇÃO (BACHARELADO),DARCY RIBEIRO,DIURNO,1,Sistema Universal,-8.259,-8.259,-8.259,1
2019-2021,2°,1ª,ADMINISTRAÇÃO (BACHARELADO),DARCY RIBEIRO,DIURNO,2,Cota para Negros,-43.177,-39.064,-41.12,2
2019-2021,2°,2ª,ADMINISTRAÇÃO (BACHARELADO),DARCY RIBEIRO,DIURNO,2,Cota para Negros,-44.392,-44.392,-44.392,1
2019-2021,2°,3ª,ADMINISTRAÇÃO (BACHARELADO),DARCY RIBEIRO,DIURNO,2,Cota para Negros,-47.813,-47.813,-47.813,1
2019-2021,2°,4ª,ADMINISTRAÇÃO (BACHARELADO),DARCY RIBEIRO,DIURNO,2,Cota para Negros,-50.016,-50.016,-50.016,1
2019-2021,2°,1ª,ADMINISTRAÇÃO (BACHARELADO),DARCY RIBEIRO,NOTURNO,1,Sistema Universal,-60.357,-26.04,-45.523,22
2019-2021,2°,2ª,ADMINISTRAÇÃO (BACHARELADO),DARCY RIBEIRO,NOTURNO,1,Sistema Universal,-88.52,-61.581,-70.059,12
2019-2021,2°,1ª,ADMINISTRAÇÃO (BACHARELADO),DARCY RIBEIRO,NOTURNO,2,Cota para Negros,-47.448,-45.619,-46.534,2
2019-2021,2°,2ª,ADMINISTRAÇÃO (BACHARELADO),DARCY RIBEIRO,NOTURNO,2,Cota para Negros,-85.836,-85.836,-85.836,1
2019-2021,2°,1ª,AGRONOMIA (BACHARELADO),DARCY RIBEIRO,DIURNO,1,Sistema Universal,-90.111,-33.883,-53.952,25
2019-2021,2°,1ª,AGRONOMIA (BACHARELADO),DARCY RIBEIRO,DIURNO,2,Cota para Negros,-51.394,-42.937,-47.165,2
2019-2021,2°,1ª,ARQUITETURA E URBANISMO (BACHARELADO),DARCY RIBEIRO,DIURNO,1,Sistema Universal,51.246,59.272,54.481,9
2019-2021,2°,2ª,ARQUITETURA E URBANISMO (BACHARELADO),DARCY RIBEIRO,DIURNO,1,Sistema Universal,45.305,50.524,47.593,6
2019-2021,2°,3ª,ARQUITETURA E URBANISMO (BACHARELADO),DARCY RIBEIRO,DIURNO,1,Sistema Universal,45.054,45.274,45.164,2
2019-2021,2°,4ª,ARQUITETURA E URBANISMO (BACHARELADO),DARCY RIBEIRO,DIURNO,1,Sistema Universal,43.556,43.556,43.556,1
2019-2021,2°,1ª,ARQUITETURA E URBANISMO (BACHARELADO),DARCY RIBEIRO,DIURNO,2,Cota para Negros,37.459,37.459,37.459,1
2019-2021,2°,1ª,ARQUITETURA E URBANISMO (BACHARELADO),DARCY RIBEIRO,NOTURNO,1,Sistema Universal,-1.337,16.139,7.202,10
2019-2021,2°,2ª,ARQUITETURA E URBANISMO (BACHARELADO),DARCY RIBEIRO,NOTURNO,1,Sistema Universal,-13.718,-2.888,-8.169,4
2019-2021,2°,3ª,ARQUITETURA E URBANISMO (BACHARELADO),DARCY RIBEIRO,NOTURNO,1,Sistema Universal,-15.67,-15.67,-15.67,1
2019-2021,2°,1ª,ARQUITETURA E URBANISMO (BACHARELADO),DARCY RIBEIRO,NOTURNO,2,Cota para Negros,-43.982,-43.982,-43.982,1
2019-2021,2°,1ª,ARTES VISUAIS (LICENCIATURA)*,DARCY RIBEIRO,DIURNO,1,Sistema Universal,-16.981,20.443,-20.26,3
2019-2021,2°,1ª,BIOTECNOLOGIA (BACHARELADO),DARCY RIBEIRO,DIURNO,1,Sistema Universal,33.15,67.379,47.572,16
2019-2021,2°,2ª,BIOTECNOLOGIA (BACHARELADO),DARCY RIBEIRO,DIURNO,1,Sistema Universal,6.384,27.999,18.054,5
2019-2021,2°,3ª,BIOTECNOLOGIA (BACHARELADO),DARCY RIBEIRO,DIURNO,1,Sistema Universal,2.559,5.572,4.026,3
2019-2021,2°,1ª,BIOTECNOLOGIA (BACHARELADO),DARCY RIBEIRO,DIURNO,2,Cota para Negros,9.024,9.024,9.024,1
2019-2021,2°,1ª,CIÊNCIA DA COMPUTAÇÃO (BACHARELADO),DARCY RIBEIRO,DIURNO,1,Sistema Universal,78.668,89.283,82.949,9
2019-2021,2°,2ª,CIÊNCIA DA COMPUTAÇÃO (BACHARELADO),DARCY RIBEIRO,DIURNO,1,Sistema Universal,75.568,75.568,75.568,1
2019-2021,2°,1ª,CIÊNCIA DA COMPUTAÇÃO (BACHARELADO),DARCY RIBEIRO,DIURNO,2,Cota para Negros,73.462,73.462,73.462,1
2019-2021,2°,2ª,CIÊNCIA DA COMPUTAÇÃO (BACHARELADO),DARCY RIBEIRO,DIURNO,2,Cota para Negros,58.465,58.465,58.465,1
2019-2021,2°,1ª,CIÊNCIA POLÍTICA (BACHARELADO),DARCY RIBEIRO,DIURNO,1,Sistema Universal,-7.353,39.561,16.971,22
2019-2021,2°,2ª,CIÊNCIA POLÍTICA (BACHARELADO),DARCY RIBEIRO,DIURNO,1,Sistema Universal,-22.316,-14.547,-18.123,7
2019-2021,2°,3ª,CIÊNCIA POLÍTICA (BACHARELADO),DARCY RIBEIRO,DIURNO,1,Sistema Universal,-25.971,-23.148,-24.56,2
2019-2021,2°,4ª,CIÊNCIA POLÍTICA (BACHARELADO),DARCY RIBEIRO,DIURNO,1,Sistema Universal,-27.853,-27.853,-27.853,1
2019-2021,2°,6ª,CIÊNCIA POLÍTICA (BACHARELADO),DARCY RIBEIRO,DIURNO,1,Sistema Universal,-32.474,-32.474,-32.474,1
2019-2021,2°,1ª,CIÊNCIA POLÍTICA (BACHARELADO),DARCY RIBEIRO,DIURNO,2,Cota para Negros,-25.355,-25.355,-25.355,1
2019-2021,2°,1ª,CIÊNCIAS BIOLÓGICAS (BACHARELADO),DARCY RIBEIRO,DIURNO,1,Sistema Universal,30.558,46.066,36.62,9
2019-2021,2°,2ª,CIÊNCIAS BIOLÓGICAS (BACHARELADO),DARCY RIBEIRO,DIURNO,1,Sistema Universal,18.874,25.515,21.191,4
2019-2021,2°,3ª,CIÊNCIAS BIOLÓGICAS (BACHARELADO),DARCY RIBEIRO,DIURNO,1,Sistema Universal,18.481,18.481,18.481,1
2019-2021,2°,4ª,CIÊNCIAS BIOLÓGICAS (BACHARELADO),DARCY RIBEIRO,DIURNO,1,Sistema Universal,18.354,18.354,18.354,1
2019-2021,2°,6ª,CIÊNCIAS BIOLÓGICAS (BACHARELADO),DARCY RIBEIRO,DIURNO,1,Sistema Universal,17.651,17.651,17.651,1
2019-2021,2°,1ª,CIÊNCIAS BIOLÓGICAS (BACHARELADO),DARCY RIBEIRO,DIURNO,2,Cota para Negros,18.991,18.991,18.991,1
2019-2021,2°,1ª,CIÊNCIAS CONTÁBEIS (BACHARELADO),DARCY RIBEIRO,DIURNO,1,Sistema Universal,-89.295,-18.772,-61.382,18
2019-2021,2°,1ª,CIÊNCIAS CONTÁBEIS (BACHARELADO),DARCY RIBEIRO,DIURNO,2,Cota para Negros,-45.264,-37.188,-41.226,2
2019-2021,2°,1ª,CIÊNCIAS ECONÔMICAS (BACHARELADO),DARCY RIBEIRO,DIURNO,1,Sistema Universal,56.548,70.119,63.054,11
2019-2021,2°,2ª,CIÊNCIAS ECONÔMICAS (BACHARELADO),DARCY RIBEIRO,DIURNO,1,Sistema Universal,45.879,53.023,49.234,6
2019-2021,2°,3ª,CIÊNCIAS ECONÔMICAS (BACHARELADO),DARCY RIBEIRO,DIURNO,1,Sistema Universal,43.577,45.682,44.768,3
2019-2021,2°,1ª,CIÊNCIAS ECONÔMICAS (BACHARELADO),DARCY RIBEIRO,DIURNO,2,Cota para Negros,13.798,13.798,13.798,1
2019-2021,2°,1ª,CIÊNCIAS SOCIAIS - ANTROPOLOGIA / SOCIOLOGIA (BACHARELADO/LICENCIATURA),DARCY RIBEIRO,DIURNO,1,Sistema Universal,-57.74,-16.11,-33.871,13
2019-2021,2°,1ª,CIÊNCIAS SOCIAIS - ANTROPOLOGIA / SOCIOLOGIA (BACHARELADO/LICENCIATURA),DARCY RIBEIRO,DIURNO,2,Cota para Negros,-19.803,-16.395,-18.099,2
2019-2021,2°,1ª,COMPUTAÇÃO (LICENCIATURA),DARCY RIBEIRO,NOTURNO,1,Sistema Universal,-89.048,-61.453,-70.79,4
2019-2021,2°,1ª,COMUNICAÇÃO SOCIAL - AUDIOVISUAL (BACHARELADO),DARCY RIBEIRO,DIURNO,1,Sistema Universal,33.471,49.171,42.877,7
2019-2021,2°,2ª,COMUNICAÇÃO SOCIAL - AUDIOVISUAL (BACHARELADO),DARCY RIBEIRO,DIURNO,1,Sistema Universal,31.693,32.328,32.031,3
2019-2021,2°,3ª,COMUNICAÇÃO SOCIAL - AUDIOVISUAL (BACHARELADO),DARCY RIBEIRO,DIURNO,1,Sistema Universal,29.695,30.473,30.084,2
2019-2021,2°,1ª,COMUNICAÇÃO SOCIAL - AUDIOVISUAL (BACHARELADO),DARCY RIBEIRO,DIURNO,2,Cota para Negros,41.552,41.552,41.552,1
2019-2021,2°,1ª,COMUNICAÇÃO SOCIAL - PUBLICIDADE E PROPAGANDA (BACHARELADO),DARCY RIBEIRO,DIURNO,1,Sistema Universal,64.661,75.121,69.252,4
2019-2021,2°,2ª,COMUNICAÇÃO SOCIAL - PUBLICIDADE E PROPAGANDA (BACHARELADO),DARCY RIBEIRO,DIURNO,1,Sistema Universal,58.085,60.993,59.539,2
2019-2021,2°,1ª,COMUNICAÇÃO SOCIAL - PUBLICIDADE E PROPAGANDA (BACHARELADO),DARCY RIBEIRO,DIURNO,2,Cota para Negros,9.799,9.799,9.799,1
2019-2021,2°,1ª,DESIGN - PROGRAMAÇÃO VISUAL/PROJETO DO PRODUTO (BACHARELADO),DARCY RIBEIRO,DIURNO,1,Sistema Universal,66.642,70.4,68.792,4
2019-2021,2°,2ª,DESIGN - PROGRAMAÇÃO VISUAL/PROJETO DO PRODUTO (BACHARELADO),DARCY RIBEIRO,DIURNO,1,Sistema Universal,66.092,66.092,66.092,1
2019-2021,2°,1ª,DESIGN - PROGRAMAÇÃO VISUAL/PROJETO DO PRODUTO (BACHARELADO),DARCY RIBEIRO,DIURNO,2,Cota para Negros,18.243,18.243,18.243,1
2019-2021,2°,2ª,DESIGN - PROGRAMAÇÃO VISUAL/PROJETO DO PRODUTO (BACHARELADO),DARCY RIBEIRO,DIURNO,2,Cota para Negros,0.546,0.546,0.546,1
2019-2021,2°,1ª,DIREITO (BACHARELADO),DARCY RIBEIRO,DIURNO,1,Sistema Universal,93.679,107.108,100.978,13
2019-2021,2°,2ª,DIREITO (BACHARELADO),DARCY RIBEIRO,DIURNO,1,Sistema Universal,89.353,93.31,91.67,6
2019-2021,2°,3ª,DIREITO (BACHARELADO),DARCY RIBEIRO,DIURNO,1,Sistema Universal,85.523,88.097,87.042,3
2019-2021,2°,1ª,DIREITO (BACHARELADO),DARCY RIBEIRO,DIURNO,2,Cota para Negros,30.318,54.728,42.523,2
2019-2021,2°,1ª,DIREITO (BACHARELADO),DARCY RIBEIRO,NOTURNO,1,Sistema Universal,53.252,73.989,63.37,13
2019-2021,2°,1ª,DIREITO (BACHARELADO),DARCY RIBEIRO,NOTURNO,2,Cota para Negros,41.143,42.075,41.609,2
2019-2021,2°,2ª,DIREITO (BACHARELADO),DARCY RIBEIRO,NOTURNO,2,Cota para Negros,37.046,37.046,37.046,1
2019-2021,2°,1ª,EDUCAÇÃO FÍSICA (BACHARELADO),DARCY RIBEIRO,DIURNO,1,Sistema Universal,-8.905,5.652,-0.572,11
2019-2021,2°,2ª,EDUCAÇÃO FÍSICA (BACHARELADO),DARCY RIBEIRO,DIURNO,1,Sistema Universal,-13.745,-11.405,-12.575,2
2019-2021,2°,4ª,EDUCAÇÃO FÍSICA (BACHARELADO),DARCY RIBEIRO,DIURNO,1,Sistema Universal,-14.414,-14.414,-14.414,1
2019-2021,2°,1ª,EDUCAÇÃO FÍSICA (LICENCIATURA),DARCY RIBEIRO,DIURNO,1,Sistema Universal,-45.356,-24.772,-33.205,10
2019-2021,2°,2ª,EDUCAÇÃO FÍSICA (LICENCIATURA),DARCY RIBEIRO,DIURNO,1,Sistema Universal,-50.257,-49.87,-50.064,2
2019-2021,2°,3ª,EDUCAÇÃO FÍSICA (LICENCIATURA),DARCY RIBEIRO,DIURNO,1,Sistema Universal,-52.859,-52.859,-52.859,1
2019-2021,2°,4ª,EDUCAÇÃO FÍSICA (LICENCIATURA),DARCY RIBEIRO,DIURNO,1,Sistema Universal,-56.636,-55.738,-56.187,2
2019-2021,2°,1ª,EDUCAÇÃO FÍSICA (LICENCIATURA),DARCY RIBEIRO,DIURNO,2,Cota para Negros,-39.981,-39.981,-39.981,1
2019-2021,2°,1ª,ENFERMAGEM (BACHARELADO),CEILÂNDIA,DIURNO,1,Sistema Universal,8.85,17.819,13.031,11
2019-2021,2°,2ª,ENFERMAGEM (BACHARELADO),CEILÂNDIA,DIURNO,1,Sistema Universal,5.535,7.206,6.409,3
2019-2021,2°,3ª,ENFERMAGEM (BACHARELADO),CEILÂNDIA,DIURNO,1,Sistema Universal,4.36,4.36,4.36,1
2019-2021,2°,4ª,ENFERMAGEM (BACHARELADO),CEILÂNDIA,DIURNO,1,Sistema Universal,3.224,3.224,3.224,1
2019-2021,2°,2ª,ENFERMAGEM (BACHARELADO),CEILÂNDIA,DIURNO,2,Cota para Negros,-14.043,-14.043,-14.043,1
2019-2021,2°,1ª,ENFERMAGEM (BACHARELADO),DARCY RIBEIRO,DIURNO,1,Sistema Universal,22.167,36.48,28.157,9
2019-2021,2°,1ª,ENFERMAGEM (BACHARELADO),DARCY RIBEIRO,DIURNO,2,Cota para Negros,30.948,30.948,30.948,1
2019-2021,2°,1ª,ENGENHARIA AMBIENTAL (BACHARELADO),DARCY RIBEIRO,DIURNO,1,Sistema Universal,-57.691,-25.512,-35.957,6
2019-2021,2°,1ª,ENGENHARIA AMBIENTAL (BACHARELADO),DARCY RIBEIRO,DIURNO,2,Cota para Negros,-23.965,-23.965,-23.965,1
2019-2021,2°,1ª,ENGENHARIA CIVIL (BACHARELADO),DARCY RIBEIRO,DIURNO,1,Sistema Universal,4.686,34.736,17.499,18
2019-2021,2°,2ª,ENGENHARIA CIVIL (BACHARELADO),DARCY RIBEIRO,DIURNO,1,Sistema Universal,-8.841,4.301,-0.639,5
2019-2021,2°,3ª,ENGENHARIA CIVIL (BACHARELADO),DARCY RIBEIRO,DIURNO,1,Sistema Universal,-11.003,-11.003,-11.003,1
2019-2021,2°,4ª,ENGENHARIA CIVIL (BACHARELADO),DARCY RIBEIRO,DIURNO,1,Sistema Universal,-12.915,-12.915,-12.915,1
2019-2021,2°,6ª,ENGENHARIA CIVIL (BACHARELADO),DARCY RIBEIRO,DIURNO,1,Sistema Universal,-20.311,-20.311,-20.311,1
2019-2021,2°,1ª,ENGENHARIA CIVIL (BACHARELADO),DARCY RIBEIRO,DIURNO,2,Cota para Negros,6.087,6.087,6.087,1
2019-2021,2°,1ª,ENGENHARIA DE COMPUTAÇÃO (BACHARELADO),DARCY RIBEIRO,DIURNO,1,Sistema Universal,93.102,113.034,102.954,9
2019-2021,2°,2ª,ENGENHARIA DE COMPUTAÇÃO (BACHARELADO),DARCY RIBEIRO,DIURNO,1,Sistema Universal,86.686,92.525,90.537,4
2019-2021,2°,3ª,ENGENHARIA DE COMPUTAÇÃO (BACHARELADO),DARCY RIBEIRO,DIURNO,1,Sistema Universal,84.532,86.255,85.393,2
2019-2021,2°,4ª,ENGENHARIA DE COMPUTAÇÃO (BACHARELADO),DARCY RIBEIRO,DIURNO,1,Sistema Universal,84.463,84.463,84.463,1
2019-2021,2°,1ª,ENGENHARIA DE COMPUTAÇÃO (BACHARELADO),DARCY RIBEIRO,DIURNO,2,Cota para Negros,60.042,60.042,60.042,1
2019-2021,2°,2ª,ENGENHARIA DE COMPUTAÇÃO (BACHARELADO),DARCY RIBEIRO,DIURNO,2,Cota para Negros,39.576,39.576,39.576,1
2019-2021,2°,1ª,ENGENHARIA DE PRODUÇÃO (BACHARELADO),DARCY RIBEIRO,NOTURNO,1,Sistema Universal,-55.187,-27.815,-42.356,3
2019-2021,2°,1ª,ENGENHARIA DE REDES DE COMUNICAÇÃO (BACHARELADO),DARCY RIBEIRO,DIURNO,1,Sistema Universal,-63.427,-23.349,-41.235,8
2019-2021,2°,1ª,ENGENHARIA DE REDES DE COMUNICAÇÃO (BACHARELADO),DARCY RIBEIRO,DIURNO,2,Cota para Negros,-61.481,-61.481,-61.481,1
2019-2021,2°,1ª,ENGENHARIA ELÉTRICA (BACHARELADO),DARCY RIBEIRO,DIURNO,1,Sistema Universal,-61.149,26.072,-6.688,18
2019-2021,2°,1ª,ENGENHARIA MECATRÔNICA - CONTROLE E AUTOMAÇÃO (BACHARELADO),DARCY RIBEIRO,DIURNO,1,Sistema Universal,-3.834,49.009,26.774,17
2019-2021,2°,2ª,ENGENHARIA MECATRÔNICA - CONTROLE E AUTOMAÇÃO (BACHARELADO),DARCY RIBEIRO,DIURNO,1,Sistema Universal,-44.498,-8.97,-26.5,6
2019-2021,2°,3ª,ENGENHARIA MECATRÔNICA - CONTROLE E AUTOMAÇÃO (BACHARELADO),DARCY RIBEIRO,DIURNO,1,Sistema Universal,-58.122,-44.526,-52.639,3
2019-2021,2°,4ª,ENGENHARIA MECATRÔNICA - CONTROLE E AUTOMAÇÃO (BACHARELADO),DARCY RIBEIRO,DIURNO,1,Sistema Universal,-67.181,-65.528,-66.354,2
2019-2021,2°,1ª,ENGENHARIA MECATRÔNICA - CONTROLE E AUTOMAÇÃO (BACHARELADO),DARCY RIBEIRO,DIURNO,2,Cota para Negros,15.679,15.679,15.679,1
2019-2021,2°,1ª,ENGENHARIA MECÂNICA (BACHARELADO),DARCY RIBEIRO,DIURNO,1,Sistema Universal,-63.304,25.964,-12.98,13
2019-2021,2°,1ª,ENGENHARIA MECÂNICA (BACHARELADO),DARCY RIBEIRO,DIURNO,2,Cota para Negros,-5.396,-5.396,-5.396,1
2019-2021,2°,1ª,ENGENHARIA QUÍMICA (BACHARELADO),DARCY RIBEIRO,DIURNO,1,Sistema Universal,-73.743,31.386,-10.816,10
2019-2021,2°,1ª,ENGENHARIA QUÍMICA (BACHARELADO),DARCY RIBEIRO,DIURNO,2,Cota para Negros,-26.069,-26.069,-26.069,1
2019-2021,2°,1ª,ENGENHARIAS - AEROESPACIAL / AUTOMOTIVA / ELETRÔNICA / ENERGIA / SOFTWARE (BACHARELADOS)**,GAMA,DIURNO,1,Sistema Universal,-24.625,25.875,1.793,109
2019-2021,2°,2ª,ENGENHARIAS - AEROESPACIAL / AUTOMOTIVA / ELETRÔNICA / ENERGIA / SOFTWARE (BACHARELADOS)**,GAMA,DIURNO,1,Sistema Universal,-54.143,-25.329,-36.818,38
2019-2021,2°,3ª,ENGENHARIAS - AEROESPACIAL / AUTOMOTIVA / ELETRÔNICA / ENERGIA / SOFTWARE (BACHARELADOS)**,GAMA,DIURNO,1,Sistema Universal,-73.918,-54.955,-62.605,26
2019-2021,2°,4ª,ENGENHARIAS - AEROESPACIAL / AUTOMOTIVA / ELETRÔNICA / ENERGIA / SOFTWARE (BACHARELADOS)**,GAMA,DIURNO,1,Sistema Universal,-92.457,-75.319,-82.59,12
2019-2021,2°,1ª,ENGENHARIAS - AEROESPACIAL / AUTOMOTIVA / ELETRÔNICA / ENERGIA / SOFTWARE (BACHARELADOS)**,GAMA,DIURNO,2,Cota para Negros,-40.305,-13.144,-25.2,7
2019-2021,2°,1ª,ESTATÍSTICA (BACHARELADO),DARCY RIBEIRO,DIURNO,1,Sistema Universal,-61.15,-46.255,-53.702,2
2019-2021,2°,1ª,ESTATÍSTICA (BACHARELADO),DARCY RIBEIRO,DIURNO,2,Cota para Negros,-97.388,-97.388,-97.388,1
2019-2021,2°,1ª,FARMÁCIA (BACHARELADO),CEILÂNDIA,DIURNO,1,Sistema Universal,-36.112,-3.7,-22.345,11
2019-2021,2°,2ª,FARMÁCIA (BACHARELADO),CEILÂNDIA,DIURNO,1,Sistema Universal,-65.202,-39.527,-53.255,9
2019-2021,2°,3ª,FARMÁCIA (BACHARELADO),CEILÂNDIA,DIURNO,1,Sistema Universal,-93.049,-68.671,-75.562,7
2019-2021,2°,1ª,FARMÁCIA (BACHARELADO),CEILÂNDIA,DIURNO,2,Cota para Negros,-10.381,-10.381,-10.381,1
2019-2021,2°,1ª,FARMÁCIA (BACHARELADO),DARCY RIBEIRO,DIURNO,1,Sistema Universal,-10.782,12.005,-0.453,9
2019-2021,2°,2ª,FARMÁCIA (BACHARELADO),DARCY RIBEIRO,DIURNO,1,Sistema Universal,-20.866,-16.902,-18.884,2
2019-2021,2°,3ª,FARMÁCIA (BACHARELADO),DARCY RIBEIRO,DIURNO,1,Sistema Universal,-21.83,-21.177,-21.504,2
2019-2021,2°,4ª,FARMÁCIA (BACHARELADO),DARCY RIBEIRO,DIURNO,1,Sistema Universal,-28.988,-24.026,-26.507,2
2019-2021,2°,1ª,FARMÁCIA (BACHARELADO),DARCY RIBEIRO,DIURNO,2,Cota para Negros,-46.506,-46.506,-46.506,1
2019-2021,2°,1ª,FARMÁCIA (BACHARELADO),DARCY RIBEIRO,NOTURNO,1,Sistema Universal,-50.334,-15.662,-29.449,9
2019-2021,2°,2ª,FARMÁCIA (BACHARELADO),DARCY RIBEIRO,NOTURNO,1,Sistema Universal,-89.122,-63.471,-79.424,3
2019-2021,2°,1ª,FARMÁCIA (BACHARELADO),DARCY RIBEIRO,NOTURNO,2,Cota para Negros,-15.784,-15.784,-15.784,1
2019-2021,2°,1ª,FISIOTERAPIA (BACHARELADO),CEILÂNDIA,DIURNO,1,Sistema Universal,2.472,18.337,8.06,11
2019-2021,2°,2ª,FISIOTERAPIA (BACHARELADO),CEILÂNDIA,DIURNO,1,Sistema Universal,0.081,0.898,0.49,2
2019-2021,2°,3ª,FISIOTERAPIA (BACHARELADO),CEILÂNDIA,DIURNO,1,Sistema Universal,-0.2,-0.2,-0.2,1
2019-2021,2°,1ª,FISIOTERAPIA (BACHARELADO),CEILÂNDIA,DIURNO,2,Cota para Negros,-13.265,-13.265,-13.265,1
2019-2021,2°,1ª,FONOAUDIOLOGIA (BACHARELADO),CEILÂNDIA,DIURNO,1,Sistema Universal,-58.072,-30.463,-45.031,10
2019-2021,2°,2ª,FONOAUDIOLOGIA (BACHARELADO),CEILÂNDIA,DIURNO,1,Sistema Universal,-65.634,-58.179,-61.985,4
2019-2021,2°,3ª,FONOAUDIOLOGIA (BACHARELADO),CEILÂNDIA,DIURNO,1,Sistema Universal,-65.723,-65.723,-65.723,1
2019-2021,2°,1ª,FONOAUDIOLOGIA (BACHARELADO),CEILÂNDIA,DIURNO,2,Cota para Negros,-21.581,-21.581,-21.581,1
2019-2021,2°,2ª,FÍSICA (BACHARELADO),DARCY RIBEIRO,DIURNO,1,Sistema Universal,-43.983,-0.867,-21.764,3
2019-2021,2°,1ª,HISTÓRIA (BACHARELADO/LICENCIATURA),DARCY RIBEIRO,DIURNO,1,Sistema Universal,13.956,28.453,21.978,9
2019-2021,2°,2ª,HISTÓRIA (BACHARELADO/LICENCIATURA),DARCY RIBEIRO,DIURNO,1,Sistema Universal,12.692,12.766,12.729,2
2019-2021,2°,3ª,HISTÓRIA (BACHARELADO/LICENCIATURA),DARCY RIBEIRO,DIURNO,1,Sistema Universal,12.628,12.628,12.628,1
2019-2021,2°,4ª,HISTÓRIA (BACHARELADO/LICENCIATURA),DARCY RIBEIRO,DIURNO,1,Sistema Universal,9.633,9.633,9.633,1
2019-2021,2°,1ª,HISTÓRIA (BACHARELADO/LICENCIATURA),DARCY RIBEIRO,DIURNO,2,Cota para Negros,-0.501,-0.501,-0.501,1
2019-2021,2°,1ª,HISTÓRIA (LICENCIATURA),DARCY RIBEIRO,NOTURNO,1,Sistema Universal,-75.652,-46.01,-60.507,7
2019-2021,2°,1ª,JORNALISMO (BACHARELADO),DARCY RIBEIRO,DIURNO,1,Sistema Universal,74.586,79.048,77.698,4
2019-2021,2°,1ª,JORNALISMO (BACHARELADO),DARCY RIBEIRO,DIURNO,2,Cota para Negros,-2.055,-2.055,-2.055,1
2019-2021,2°,1ª,LETRAS - TRADUÇÃO - INGLÊS (BACHARELADO),DARCY RIBEIRO,DIURNO,1,Sistema Universal,-21.963,11.813,-6.932,8
2019-2021,2°,2ª,LETRAS - TRADUÇÃO - INGLÊS (BACHARELADO),DARCY RIBEIRO,DIURNO,1,Sistema Universal,-32.871,-27.753,-30.064,3
2019-2021,2°,3ª,LETRAS - TRADUÇÃO - INGLÊS (BACHARELADO),DARCY RIBEIRO,DIURNO,1,Sistema Universal,-42.361,-42.361,-42.361,1
2019-2021,2°,4ª,LETRAS - TRADUÇÃO - INGLÊS (BACHARELADO),DARCY RIBEIRO,DIURNO,1,Sistema Universal,-48.189,-48.189,-48.189,1
2019-2021,2°,1ª,LICENCIATURA EM CIÊNCIAS BIOLÓGICAS,DARCY RIBEIRO,NOTURNO,1,Sistema Universal,-47.004,-25.296,-35.913,7
2019-2021,2°,1ª,LÍNGUA INGLESA E RESPECTIVA LITERATURA (BACHARELADO/LICENCIATURA),DARCY RIBEIRO,DIURNO,1,Sistema Universal,3.128,18.335,10.732,2
2019-2021,2°,1ª,LÍNGUA INGLESA E RESPECTIVA LITERATURA (BACHARELADO/LICENCIATURA),DARCY RIBEIRO,DIURNO,2,Cota para Negros,-27.357,-27.357,-27.357,1
2019-2021,2°,1ª,LÍNGUA PORTUGUESA E RESPECTIVA LITERATURA (BACHARELADO/LICENCIATURA),DARCY RIBEIRO,DIURNO,1,Sistema Universal,-24.649,9.177,-5.983,11
2019-2021,2°,2ª,LÍNGUA PORTUGUESA E RESPECTIVA LITERATURA (BACHARELADO/LICENCIATURA),DARCY RIBEIRO,DIURNO,1,Sistema Universal,-46.309,-29.182,-36.138,5
2019-2021,2°,3ª,LÍNGUA PORTUGUESA E RESPECTIVA LITERATURA (BACHARELADO/LICENCIATURA),DARCY RIBEIRO,DIURNO,1,Sistema Universal,-58.069,-48.003,-54.116,3
2019-2021,2°,4ª,LÍNGUA PORTUGUESA E RESPECTIVA LITERATURA (BACHARELADO/LICENCIATURA),DARCY RIBEIRO,DIURNO,1,Sistema Universal,-69.204,-66.764,-67.984,2
2019-2021,2°,1ª,LÍNGUA PORTUGUESA E RESPECTIVA LITERATURA (BACHARELADO/LICENCIATURA),DARCY RIBEIRO,DIURNO,2,Cota para Negros,-6.746,-6.746,-6.746,1
2019-2021,2°,1ª,MATEMÁTICA (BACHARELADO/LICENCIATURA),DARCY RIBEIRO,DIURNO,1,Sistema Universal,-59.853,9.928,-16.249,11
2019-2021,2°,2ª,MATEMÁTICA (BACHARELADO/LICENCIATURA),DARCY RIBEIRO,DIURNO,1,Sistema Universal,-80.631,-66.593,-73.612,2
2019-2021,2°,1ª,MEDICINA (BACHARELADO),DARCY RIBEIRO,DIURNO,1,Sistema Universal,154.606,163.375,159.186,9
2019-2021,2°,2ª,MEDICINA (BACHARELADO),DARCY RIBEIRO,DIURNO,1,Sistema Universal,152.347,153.479,152.913,2
2019-2021,2°,3ª,MEDICINA (BACHARELADO),DARCY RIBEIRO,DIURNO,1,Sistema Universal,152.225,152.225,152.225,1
2019-2021,2°,1ª,MEDICINA (BACHARELADO),DARCY RIBEIRO,DIURNO,2,Cota para Negros,128.236,128.236,128.236,1
2019-2021,2°,1ª,MEDICINA VETERINÁRIA (BACHARELADO),DARCY RIBEIRO,DIURNO,1,Sistema Universal,50.356,61.107,54.195,9
2019-2021,2°,2ª,MEDICINA VETERINÁRIA (BACHARELADO),DARCY RIBEIRO,DIURNO,1,Sistema Universal,48.35,49.975,49.177,3
2019-2021,2°,1ª,MEDICINA VETERINÁRIA (BACHARELADO),DARCY RIBEIRO,DIURNO,2,Cota para Negros,20.812,20.812,20.812,1
2019-2021,2°,1ª,NUTRIÇÃO (BACHARELADO),DARCY RIBEIRO,DIURNO,1,Sistema Universal,28.584,41.786,34.503,6
2019-2021,2°,2ª,NUTRIÇÃO (BACHARELADO),DARCY RIBEIRO,DIURNO,1,Sistema Universal,26.028,26.028,26.028,1
2019-2021,2°,1ª,NUTRIÇÃO (BACHARELADO),DARCY RIBEIRO,DIURNO,2,Cota para Negros,15.768,15.768,15.768,1
2019-2021,2°,1ª,ODONTOLOGIA (BACHARELADO),DARCY RIBEIRO,DIURNO,1,Sistema Universal,63.871,79.572,67.403,6
2019-2021,2°,2ª,ODONTOLOGIA (BACHARELADO),DARCY RIBEIRO,DIURNO,1,Sistema Universal,63.752,63.752,63.752,1
2019-2021,2°,1ª,ODONTOLOGIA (BACHARELADO),DARCY RIBEIRO,DIURNO,2,Cota para Negros,68.807,68.807,68.807,1
2019-2021,2°,1ª,PEDAGOGIA (LICENCIATURA),DARCY RIBEIRO,DIURNO,1,Sistema Universal,-45.458,-23.176,-35.791,16
2019-2021,2°,2ª,PEDAGOGIA (LICENCIATURA),DARCY RIBEIRO,DIURNO,1,Sistema Universal,-52.657,-49.725,-51.104,4
2019-2021,2°,1ª,PEDAGOGIA (LICENCIATURA),DARCY RIBEIRO,DIURNO,2,Cota para Negros,-41.375,-26.487,-33.931,2
2019-2021,2°,2ª,PEDAGOGIA (LICENCIATURA),DARCY RIBEIRO,DIURNO,2,Cota para Negros,-49.333,-49.333,-49.333,1
2019-2021,2°,3ª,PEDAGOGIA (LICENCIATURA),DARCY RIBEIRO,DIURNO,2,Cota para Negros,-58.825,-58.825,-58.825,1
2019-2021,2°,1ª,PEDAGOGIA (LICENCIATURA),DARCY RIBEIRO,NOTURNO,2,Cota para Negros,-104.564,-104.564,-104.564,1
2019-2021,2°,1ª,PSICOLOGIA (BACHARELADO / LICENCIATURA / PSICÓLOGO),DARCY RIBEIRO,DIURNO,1,Sistema Universal,78.753,97.329,86.858,11
2019-2021,2°,2ª,PSICOLOGIA (BACHARELADO / LICENCIATURA / PSICÓLOGO),DARCY RIBEIRO,DIURNO,1,Sistema Universal,76.485,78.156,77.259,4
2019-2021,2°,1ª,PSICOLOGIA (BACHARELADO / LICENCIATURA / PSICÓLOGO),DARCY RIBEIRO,DIURNO,2,Cota para Negros,56.497,56.497,56.497,1
2019-2021,2°,1ª,QUÍMICA (BACHARELADO),DARCY RIBEIRO,DIURNO,1,Sistema Universal,-44.807,-6.177,-31.328,8
2019-2021,2°,1ª,RELAÇÕES INTERNACIONAIS (BACHARELADO),DARCY RIBEIRO,DIURNO,1,Sistema Universal,75.488,89.935,83.392,11
2019-2021,2°,2ª,RELAÇÕES INTERNACIONAIS (BACHARELADO),DARCY RIBEIRO,DIURNO,1,Sistema Universal,74.499,74.516,74.508,2
2019-2021,2°,3ª,RELAÇÕES INTERNACIONAIS (BACHARELADO),DARCY RIBEIRO,DIURNO,1,Sistema Universal,73.353,73.353,73.353,1
2019-2021,2°,1ª,RELAÇÕES INTERNACIONAIS (BACHARELADO),DARCY RIBEIRO,DIURNO,2,Cota para Negros,36.585,36.585,36.585,1
2019-2021,2°,1ª,SERVIÇO SOCIAL (BACHARELADO),DARCY RIBEIRO,DIURNO,1,Sistema Universal,-52.031,-41.567,-54.161,6
2019-2021,2°,1ª,SERVIÇO SOCIAL (BACHARELADO),DARCY RIBEIRO,DIURNO,2,Cota para Negros,-49.112,-49.112,-49.112,1
2019-2021,2°,1ª,TERAPIA OCUPACIONAL (BACHARELADO),CEILÂNDIA,DIURNO,1,Sistema Universal,-88.997,-34.693,-59.209,13
2020-2022,1°,1ª,ADMINISTRAÇÃO (BACHARELADO),DARCY RIBEIRO,DIURNO,1,Sistema Universal,45.565,98.219,59.021,14
2020-2022,1°,2ª,ADMINISTRAÇÃO (BACHARELADO),DARCY RIBEIRO,DIURNO,1,Sistema Universal,26.719,44.059,34.606,10
2020-2022,1°,3ª,ADMINISTRAÇÃO (BACHARELADO),DARCY RIBEIRO,DIURNO,1,Sistema Universal,24.355,24.618,24.486,2
2020-2022,1°,4ª,ADMINISTRAÇÃO (BACHARELADO),DARCY RIBEIRO,DIURNO,1,Sistema Universal,23.085,23.085,23.085,1
2020-2022,1°,1ª,ADMINISTRAÇÃO (BACHARELADO),DARCY RIBEIRO,DIURNO,2,Cota para Negros,-49.856,-49.856,-49.856,1
2020-2022,1°,1ª,ADMINISTRAÇÃO (BACHARELADO),DARCY RIBEIRO,NOTURNO,1,Sistema Universal,-15.266,50.144,10.379,21
2020-2022,1°,2ª,ADMINISTRAÇÃO (BACHARELADO),DARCY RIBEIRO,NOTURNO,1,Sistema Universal,-43.79,-16.981,-29.234,9
2020-2022,1°,3ª,ADMINISTRAÇÃO (BACHARELADO),DARCY RIBEIRO,NOTURNO,1,Sistema Universal,-47.786,-44.997,-46.392,2
2020-2022,1°,4ª,ADMINISTRAÇÃO (BACHARELADO),DARCY RIBEIRO,NOTURNO,1,Sistema Universal,-55.6,-55.6,-55.6,1
2020-2022,1°,1ª,ADMINISTRAÇÃO (BACHARELADO),DARCY RIBEIRO,NOTURNO,2,Cota para Negros,19.031,19.031,-14.946,2
2020-2022,1°,1ª,AGRONOMIA (BACHARELADO),DARCY RIBEIRO,DIURNO,1,Sistema Universal,-6.614,104.416,24.874,25
2020-2022,1°,2ª,AGRONOMIA (BACHARELADO),DARCY RIBEIRO,DIURNO,1,Sistema Universal,-23.109,-7.802,-14.927,11
2020-2022,1°,3ª,AGRONOMIA (BACHARELADO),DARCY RIBEIRO,DIURNO,1,Sistema Universal,-30.908,-28.154,-29.342,4
2020-2022,1°,4ª,AGRONOMIA (BACHARELADO),DARCY RIBEIRO,DIURNO,1,Sistema Universal,-31.687,-31.128,-31.408,2
2020-2022,1°,1ª,AGRONOMIA (BACHARELADO),DARCY RIBEIRO,DIURNO,2,Cota para Negros,-66.324,-66.324,-66.324,1
2020-2022,1°,1ª,ARQUITETURA E URBANISMO (BACHARELADO),DARCY RIBEIRO,DIURNO,1,Sistema Universal,84.147,121.99,93.247,9
2020-2022,1°,2ª,ARQUITETURA E URBANISMO (BACHARELADO),DARCY RIBEIRO,DIURNO,1,Sistema Universal,77.925,82.727,80.86,3
2020-2022,1°,3ª,ARQUITETURA E URBANISMO (BACHARELADO),DARCY RIBEIRO,DIURNO,1,Sistema Universal,75.551,77.911,76.731,2
2020-2022,1°,4ª,ARQUITETURA E URBANISMO (BACHARELADO),DARCY RIBEIRO,DIURNO,1,Sistema Universal,72.819,74.893,73.856,2
2020-2022,1°,1ª,ARQUITETURA E URBANISMO (BACHARELADO),DARCY RIBEIRO,DIURNO,2,Cota para Negros,27.497,27.497,27.497,1
2020-2022,1°,1ª,ARQUITETURA E URBANISMO (BACHARELADO),DARCY RIBEIRO,NOTURNO,1,Sistema Universal,53.202,59.998,56.919,5
2020-2022,1°,2ª,ARQUITETURA E URBANISMO (BACHARELADO),DARCY RIBEIRO,NOTURNO,1,Sistema Universal,38.496,45.165,40.946,3
2020-2022,1°,1ª,ARQUITETURA E URBANISMO (BACHARELADO),DARCY RIBEIRO,NOTURNO,2,Cota para Negros,-56.427,-56.427,-56.427,1
2020-2022,1°,1ª,ARQUIVOLOGIA (BACHARELADO),DARCY RIBEIRO,NOTURNO,1,Sistema Universal,-82.039,32.901,-37.965,5
2020-2022,1°,1ª,ARQUIVOLOGIA (BACHARELADO),DARCY RIBEIRO,NOTURNO,2,Cota para Negros,10.221,10.221,10.221,1
2020-2022,1°,1ª,ARTES CÊNICAS - INTERPRETAÇÃO TEATRAL (BACHARELADO) *,DARCY RIBEIRO,DIURNO,1,Sistema Universal,-35.525,24.93,-7.677,4
2020-2022,1°,1ª,ARTES VISUAIS (BACHARELADO)*,DARCY RIBEIRO,DIURNO,1,Sistema Universal,29.41,58.914,44.048,4
2020-2022,1°,2ª,ARTES VISUAIS (BACHARELADO)*,DARCY RIBEIRO,DIURNO,1,Sistema Universal,-9.14,20.585,1.053,3
2020-2022,1°,3ª,ARTES VISUAIS (BACHARELADO)*,DARCY RIBEIRO,DIURNO,1,Sistema Universal,-12.106,-12.106,-12.106,1
2020-2022,1°,1ª,ARTES VISUAIS (LICENCIATURA)*,DARCY RIBEIRO,DIURNO,1,Sistema Universal,-19.721,54.376,-15.362,6
2020-2022,1°,1ª,BIBLIOTECONOMIA (BACHARELADO),DARCY RIBEIRO,DIURNO,1,Sistema Universal,-69.572,-22.639,-49.103,8
2020-2022,1°,1ª,BIBLIOTECONOMIA (BACHARELADO),DARCY RIBEIRO,DIURNO,2,Cota para Negros,-17.598,-17.598,-17.598,1
2020-2022,1°,1ª,BIOTECNOLOGIA (BACHARELADO),DARCY RIBEIRO,DIURNO,1,Sistema Universal,57.009,141.975,89.428,8
2020-2022,1°,2ª,BIOTECNOLOGIA (BACHARELADO),DARCY RIBEIRO,DIURNO,1,Sistema Universal,45.483,54.867,48.614,5
2020-2022,1°,3ª,BIOTECNOLOGIA (BACHARELADO),DARCY RIBEIRO,DIURNO,1,Sistema Universal,30.019,39.864,35.334,3
2020-2022,1°,4ª,BIOTECNOLOGIA (BACHARELADO),DARCY RIBEIRO,DIURNO,1,Sistema Universal,29.906,29.906,29.906,1
2020-2022,1°,1ª,BIOTECNOLOGIA (BACHARELADO),DARCY RIBEIRO,DIURNO,2,Cota para Negros,72.345,72.345,72.345,1
2020-2022,1°,1ª,CIÊNCIA DA COMPUTAÇÃO (BACHARELADO),DARCY RIBEIRO,DIURNO,1,Sistema Universal,139.434,168.535,149.934,9
2020-2022,1°,2ª,CIÊNCIA DA COMPUTAÇÃO (BACHARELADO),DARCY RIBEIRO,DIURNO,1,Sistema Universal,128.099,138.248,133.246,4
2020-2022,1°,1ª,CIÊNCIA DA COMPUTAÇÃO (BACHARELADO),DARCY RIBEIRO,DIURNO,2,Cota para Negros,91.881,91.881,91.881,1
2020-2022,1°,2ª,CIÊNCIA DA COMPUTAÇÃO (BACHARELADO),DARCY RIBEIRO,DIURNO,2,Cota para Negros,71.294,71.294,71.294,1
2020-2022,1°,1ª,CIÊNCIA POLÍTICA (BACHARELADO),DARCY RIBEIRO,DIURNO,1,Sistema Universal,53.088,111.048,65.307,11
2020-2022,1°,2ª,CIÊNCIA POLÍTICA (BACHARELADO),DARCY RIBEIRO,DIURNO,1,Sistema Universal,44.249,52.356,47.194,5
2020-2022,1°,3ª,CIÊNCIA POLÍTICA (BACHARELADO),DARCY RIBEIRO,DIURNO,1,Sistema Universal,43.387,43.387,43.387,1
2020-2022,1°,1ª,CIÊNCIA POLÍTICA (BACHARELADO),DARCY RIBEIRO,DIURNO,2,Cota para Negros,23.841,23.841,23.841,1
2020-2022,1°,1ª,CIÊNCIAS AMBIENTAIS (BACHARELADO),DARCY RIBEIRO,NOTURNO,1,Sistema Universal,-88.634,18.579,-24.691,6
2020-2022,1°,1ª,CIÊNCIAS AMBIENTAIS (BACHARELADO),DARCY RIBEIRO,NOTURNO,2,Cota para Negros,-37.945,-37.945,-37.945,1
2020-2022,1°,1ª,CIÊNCIAS BIOLÓGICAS (BACHARELADO),DARCY RIBEIRO,DIURNO,1,Sistema Universal,70.253,174.618,100.955,9
2020-2022,1°,2ª,CIÊNCIAS BIOLÓGICAS (BACHARELADO),DARCY RIBEIRO,DIURNO,1,Sistema Universal,59.872,63.725,61.799,2
2020-2022,1°,3ª,CIÊNCIAS BIOLÓGICAS (BACHARELADO),DARCY RIBEIRO,DIURNO,1,Sistema Universal,58.673,58.673,58.673,1
2020-2022,1°,1ª,CIÊNCIAS BIOLÓGICAS (BACHARELADO),DARCY RIBEIRO,DIURNO,2,Cota para Negros,23.621,23.621,23.621,1
2020-2022,1°,1ª,CIÊNCIAS CONTÁBEIS (BACHARELADO),DARCY RIBEIRO,DIURNO,1,Sistema Universal,4.883,84.034,35.888,16
2020-2022,1°,2ª,CIÊNCIAS CONTÁBEIS (BACHARELADO),DARCY RIBEIRO,DIURNO,1,Sistema Universal,-24.636,1.432,-9.65,10
2020-2022,1°,3ª,CIÊNCIAS CONTÁBEIS (BACHARELADO),DARCY RIBEIRO,DIURNO,1,Sistema Universal,-42.938,-30.814,-36.6,3
2020-2022,1°,4ª,CIÊNCIAS CONTÁBEIS (BACHARELADO),DARCY RIBEIRO,DIURNO,1,Sistema Universal,-45.395,-44.257,-44.826,2
2020-2022,1°,1ª,CIÊNCIAS CONTÁBEIS (BACHARELADO),DARCY RIBEIRO,DIURNO,2,Cota para Negros,25.609,25.609,25.609,1
2020-2022,1°,1ª,CIÊNCIAS CONTÁBEIS (BACHARELADO),DARCY RIBEIRO,NOTURNO,1,Sistema Universal,-62.176,42.671,-14.818,18
2020-2022,1°,2ª,CIÊNCIAS CONTÁBEIS (BACHARELADO),DARCY RIBEIRO,NOTURNO,1,Sistema Universal,-64.695,-64.695,-64.695,1
2020-2022,1°,1ª,CIÊNCIAS ECONÔMICAS (BACHARELADO),DARCY RIBEIRO,DIURNO,1,Sistema Universal,90.763,149.64,123.258,10
2020-2022,1°,2ª,CIÊNCIAS ECONÔMICAS (BACHARELADO),DARCY RIBEIRO,DIURNO,1,Sistema Universal,85.32,89.204,87.5,5
2020-2022,1°,3ª,CIÊNCIAS ECONÔMICAS (BACHARELADO),DARCY RIBEIRO,DIURNO,1,Sistema Universal,79.086,79.385,79.236,2
2020-2022,1°,4ª,CIÊNCIAS ECONÔMICAS (BACHARELADO),DARCY RIBEIRO,DIURNO,1,Sistema Universal,76.331,79.075,77.703,2
2020-2022,1°,1ª,CIÊNCIAS ECONÔMICAS (BACHARELADO),DARCY RIBEIRO,DIURNO,2,Cota para Negros,64.336,64.336,64.336,1
2020-2022,1°,1ª,CIÊNCIAS NATURAIS (LICENCIATURA),PLANALTINA,DIURNO,1,Sistema Universal,-71.509,21.657,-29.766,9
2020-2022,1°,1ª,CIÊNCIAS NATURAIS (LICENCIATURA),PLANALTINA,NOTURNO,1,Sistema Universal,-62.526,-62.526,-62.526,1
2020-2022,1°,1ª,CIÊNCIAS SOCIAIS - ANTROPOLOGIA / SOCIOLOGIA (BACHARELADO/LICENCIATURA),DARCY RIBEIRO,DIURNO,1,Sistema Universal,-7.672,71.472,25.252,22
2020-2022,1°,2ª,CIÊNCIAS SOCIAIS - ANTROPOLOGIA / SOCIOLOGIA (BACHARELADO/LICENCIATURA),DARCY RIBEIRO,DIURNO,1,Sistema Universal,-29.085,-9.01,-19.591,12
2020-2022,1°,3ª,CIÊNCIAS SOCIAIS - ANTROPOLOGIA / SOCIOLOGIA (BACHARELADO/LICENCIATURA),DARCY RIBEIRO,DIURNO,1,Sistema Universal,-36.059,-33.297,-34.52,4
2020-2022,1°,1ª,CIÊNCIAS SOCIAIS - ANTROPOLOGIA / SOCIOLOGIA (BACHARELADO/LICENCIATURA),DARCY RIBEIRO,DIURNO,2,Cota para Negros,8.448,8.448,-16.192,2
2020-2022,1°,1ª,COMPUTAÇÃO (LICENCIATURA),DARCY RIBEIRO,NOTURNO,1,Sistema Universal,-2.433,74.983,36.702,10
2020-2022,1°,2ª,COMPUTAÇÃO (LICENCIATURA),DARCY RIBEIRO,NOTURNO,1,Sistema Universal,-18.407,-8.179,-12.323,3
2020-2022,1°,1ª,COMPUTAÇÃO (LICENCIATURA),DARCY RIBEIRO,NOTURNO,2,Cota para Negros,-63.586,-63.586,-63.586,1
2020-2022,1°,1ª,COMUNICAÇÃO ORGANIZACIONAL (BACHARELADO),DARCY RIBEIRO,NOTURNO,1,Sistema Universal,-22.175,42.588,5.673,14
2020-2022,1°,2ª,COMUNICAÇÃO ORGANIZACIONAL (BACHARELADO),DARCY RIBEIRO,NOTURNO,1,Sistema Universal,-32.939,-22.969,-27.91,3
2020-2022,1°,1ª,COMUNICAÇÃO ORGANIZACIONAL (BACHARELADO),DARCY RIBEIRO,NOTURNO,2,Cota para Negros,23.426,23.426,23.426,1
2020-2022,1°,1ª,COMUNICAÇÃO SOCIAL - AUDIOVISUAL (BACHARELADO),DARCY RIBEIRO,DIURNO,1,Sistema Universal,86.509,175.444,111.485,4
2020-2022,1°,2ª,COMUNICAÇÃO SOCIAL - AUDIOVISUAL (BACHARELADO),DARCY RIBEIRO,DIURNO,1,Sistema Universal,80.258,80.258,80.258,1
2020-2022,1°,3ª,COMUNICAÇÃO SOCIAL - AUDIOVISUAL (BACHARELADO),DARCY RIBEIRO,DIURNO,1,Sistema Universal,76.709,76.709,76.709,1
2020-2022,1°,1ª,COMUNICAÇÃO SOCIAL - AUDIOVISUAL (BACHARELADO),DARCY RIBEIRO,DIURNO,2,Cota para Negros,0.681,0.681,0.681,1
2020-2022,1°,2ª,COMUNICAÇÃO SOCIAL - AUDIOVISUAL (BACHARELADO),DARCY RIBEIRO,DIURNO,2,Cota para Negros,-1.057,-1.057,-1.057,1
2020-2022,1°,1ª,COMUNICAÇÃO SOCIAL - PUBLICIDADE E PROPAGANDA (BACHARELADO),DARCY RIBEIRO,DIURNO,1,Sistema Universal,62.484,120.186,82.248,4
2020-2022,1°,2ª,COMUNICAÇÃO SOCIAL - PUBLICIDADE E PROPAGANDA (BACHARELADO),DARCY RIBEIRO,DIURNO,1,Sistema Universal,62.384,62.384,62.384,1
2020-2022,1°,1ª,COMUNICAÇÃO SOCIAL - PUBLICIDADE E PROPAGANDA (BACHARELADO),DARCY RIBEIRO,DIURNO,2,Cota para Negros,64.041,64.041,64.041,1
2020-2022,1°,1ª,DESIGN - PROGRAMAÇÃO VISUAL/PROJETO DO PRODUTO (BACHARELADO),DARCY RIBEIRO,DIURNO,1,Sistema Universal,77.866,108.078,89.477,4
2020-2022,1°,2ª,DESIGN - PROGRAMAÇÃO VISUAL/PROJETO DO PRODUTO (BACHARELADO),DARCY RIBEIRO,DIURNO,1,Sistema Universal,77.335,77.335,77.335,1
2020-2022,1°,1ª,DESIGN - PROGRAMAÇÃO VISUAL/PROJETO DO PRODUTO (BACHARELADO),DARCY RIBEIRO,DIURNO,2,Cota para Negros,35.281,35.281,35.281,1
2020-2022,1°,1ª,DIREITO (BACHARELADO),DARCY RIBEIRO,DIURNO,1,Sistema Universal,129.903,176.907,139.548,14
2020-2022,1°,2ª,DIREITO (BACHARELADO),DARCY RIBEIRO,DIURNO,1,Sistema Universal,121.16,126.368,123.199,5
2020-2022,1°,3ª,DIREITO (BACHARELADO),DARCY RIBEIRO,DIURNO,1,Sistema Universal,120.347,121.088,120.718,2
2020-2022,1°,4ª,DIREITO (BACHARELADO),DARCY RIBEIRO,DIURNO,1,Sistema Universal,115.268,118.359,116.814,2
2020-2022,1°,1ª,DIREITO (BACHARELADO),DARCY RIBEIRO,DIURNO,2,Cota para Negros,101.124,130.856,115.99,2
2020-2022,1°,2ª,DIREITO (BACHARELADO),DARCY RIBEIRO,DIURNO,2,Cota para Negros,70.328,70.328,70.328,1
2020-2022,1°,1ª,DIREITO (BACHARELADO),DARCY RIBEIRO,NOTURNO,1,Sistema Universal,86.54,126.039,99.229,12
2020-2022,1°,2ª,DIREITO (BACHARELADO),DARCY RIBEIRO,NOTURNO,1,Sistema Universal,79.602,84.655,82.309,3
2020-2022,1°,1ª,DIREITO (BACHARELADO),DARCY RIBEIRO,NOTURNO,2,Cota para Negros,91.279,91.279,62.68,2
2020-2022,1°,1ª,EDUCAÇÃO FÍSICA (BACHARELADO),DARCY RIBEIRO,DIURNO,1,Sistema Universal,11.455,53.752,26.126,11
2020-2022,1°,2ª,EDUCAÇÃO FÍSICA (BACHARELADO),DARCY RIBEIRO,DIURNO,1,Sistema Universal,6.887,11.109,9.679,4
2020-2022,1°,1ª,EDUCAÇÃO FÍSICA (BACHARELADO),DARCY RIBEIRO,DIURNO,2,Cota para Negros,16.093,16.093,16.093,1
2020-2022,1°,1ª,EDUCAÇÃO FÍSICA (LICENCIATURA),DARCY RIBEIRO,DIURNO,1,Sistema Universal,-10.111,20.985,0.892,11
2020-2022,1°,2ª,EDUCAÇÃO FÍSICA (LICENCIATURA),DARCY RIBEIRO,DIURNO,1,Sistema Universal,-19.858,-19.858,-19.858,1
2020-2022,1°,1ª,EDUCAÇÃO FÍSICA (LICENCIATURA),DARCY RIBEIRO,DIURNO,2,Cota para Negros,-2.82,-2.82,-2.82,1
2020-2022,1°,2ª,EDUCAÇÃO FÍSICA (LICENCIATURA),DARCY RIBEIRO,DIURNO,2,Cota para Negros,-24.318,-24.318,-24.318,1
2020-2022,1°,1ª,ENFERMAGEM (BACHARELADO),CEILÂNDIA,DIURNO,1,Sistema Universal,30.01,77.432,46.597,11
2020-2022,1°,2ª,ENFERMAGEM (BACHARELADO),CEILÂNDIA,DIURNO,1,Sistema Universal,26.369,30.005,28.603,5
2020-2022,1°,3ª,ENFERMAGEM (BACHARELADO),CEILÂNDIA,DIURNO,1,Sistema Universal,24.977,24.977,24.977,1
2020-2022,1°,1ª,ENFERMAGEM (BACHARELADO),CEILÂNDIA,DIURNO,2,Cota para Negros,20.513,20.513,20.513,1
2020-2022,1°,1ª,ENFERMAGEM (BACHARELADO),DARCY RIBEIRO,DIURNO,1,Sistema Universal,48.594,73.121,59.609,9
2020-2022,1°,2ª,ENFERMAGEM (BACHARELADO),DARCY RIBEIRO,DIURNO,1,Sistema Universal,46.796,48.454,47.625,2
2020-2022,1°,3ª,ENFERMAGEM (BACHARELADO),DARCY RIBEIRO,DIURNO,1,Sistema Universal,45.886,45.886,45.886,1
2020-2022,1°,4ª,ENFERMAGEM (BACHARELADO),DARCY RIBEIRO,DIURNO,1,Sistema Universal,44.149,44.149,44.149,1
2020-2022,1°,1ª,ENFERMAGEM (BACHARELADO),DARCY RIBEIRO,DIURNO,2,Cota para Negros,49.514,49.514,49.514,1
2020-2022,1°,1ª,ENGENHARIA AMBIENTAL (BACHARELADO),DARCY RIBEIRO,DIURNO,1,Sistema Universal,-7.834,139.431,32.902,13
2020-2022,1°,2ª,ENGENHARIA AMBIENTAL (BACHARELADO),DARCY RIBEIRO,DIURNO,1,Sistema Universal,-38.433,-10.564,-23.069,6
2020-2022,1°,3ª,ENGENHARIA AMBIENTAL (BACHARELADO),DARCY RIBEIRO,DIURNO,1,Sistema Universal,-62.13,-53.307,-57.719,2
2020-2022,1°,1ª,ENGENHARIA AMBIENTAL (BACHARELADO),DARCY RIBEIRO,DIURNO,2,Cota para Negros,7.046,7.046,7.046,1
2020-2022,1°,2ª,ENGENHARIA AMBIENTAL (BACHARELADO),DARCY RIBEIRO,DIURNO,2,Cota para Negros,-27.13,-27.13,-27.13,1
2020-2022,1°,1ª,ENGENHARIA CIVIL (BACHARELADO),DARCY RIBEIRO,DIURNO,1,Sistema Universal,-14.958,126.978,48.806,10
2020-2022,1°,2ª,ENGENHARIA CIVIL (BACHARELADO),DARCY RIBEIRO,DIURNO,1,Sistema Universal,-31.687,-15.377,-23.896,4
2020-2022,1°,1ª,ENGENHARIA CIVIL (BACHARELADO),DARCY RIBEIRO,DIURNO,2,Cota para Negros,-48.61,-48.61,-48.61,1
2020-2022,1°,1ª,ENGENHARIA DE COMPUTAÇÃO (BACHARELADO),DARCY RIBEIRO,DIURNO,1,Sistema Universal,120.321,160.318,134.914,9
2020-2022,1°,2ª,ENGENHARIA DE COMPUTAÇÃO (BACHARELADO),DARCY RIBEIRO,DIURNO,1,Sistema Universal,112.278,113.966,113.122,2
2020-2022,1°,1ª,ENGENHARIA DE COMPUTAÇÃO (BACHARELADO),DARCY RIBEIRO,DIURNO,2,Cota para Negros,44.324,44.324,44.324,1
2020-2022,1°,2ª,ENGENHARIA DE COMPUTAÇÃO (BACHARELADO),DARCY RIBEIRO,DIURNO,2,Cota para Negros,-7.349,-7.349,-7.349,1
2020-2022,1°,1ª,ENGENHARIA DE PRODUÇÃO (BACHARELADO),DARCY RIBEIRO,NOTURNO,1,Sistema Universal,38.913,159.558,76.933,21
2020-2022,1°,2ª,ENGENHARIA DE PRODUÇÃO (BACHARELADO),DARCY RIBEIRO,NOTURNO,1,Sistema Universal,-52.588,36.306,2.552,11
2020-2022,1°,1ª,ENGENHARIA DE PRODUÇÃO (BACHARELADO),DARCY RIBEIRO,NOTURNO,2,Cota para Negros,27.336,27.336,27.336,1
2020-2022,1°,1ª,ENGENHARIA DE REDES DE COMUNICAÇÃO (BACHARELADO),DARCY RIBEIRO,DIURNO,1,Sistema Universal,-37.069,84.551,3.883,16
2020-2022,1°,2ª,ENGENHARIA DE REDES DE COMUNICAÇÃO (BACHARELADO),DARCY RIBEIRO,DIURNO,1,Sistema Universal,-41.733,-41.733,-41.733,1
2020-2022,1°,1ª,ENGENHARIA DE REDES DE COMUNICAÇÃO (BACHARELADO),DARCY RIBEIRO,DIURNO,2,Cota para Negros,67.472,67.472,67.472,1
2020-2022,1°,1ª,ENGENHARIA ELÉTRICA (BACHARELADO),DARCY RIBEIRO,DIURNO,1,Sistema Universal,41.135,163.248,100.193,8
2020-2022,1°,2ª,ENGENHARIA ELÉTRICA (BACHARELADO),DARCY RIBEIRO,DIURNO,1,Sistema Universal,12.589,22.372,18.976,3
2020-2022,1°,3ª,ENGENHARIA ELÉTRICA (BACHARELADO),DARCY RIBEIRO,DIURNO,1,Sistema Universal,-21.627,0.343,-8.868,4
2020-2022,1°,4ª,ENGENHARIA ELÉTRICA (BACHARELADO),DARCY RIBEIRO,DIURNO,1,Sistema Universal,-27.726,-26.036,-26.903,3
2020-2022,1°,1ª,ENGENHARIA ELÉTRICA (BACHARELADO),DARCY RIBEIRO,DIURNO,2,Cota para Negros,77.957,77.957,77.957,1
2020-2022,1°,2ª,ENGENHARIA ELÉTRICA (BACHARELADO),DARCY RIBEIRO,DIURNO,2,Cota para Negros,-7.167,-7.167,-7.167,1
2020-2022,1°,1ª,ENGENHARIA FLORESTAL (BACHARELADO),DARCY RIBEIRO,DIURNO,1,Sistema Universal,-50.298,54.606,-0.609,12
2020-2022,1°,1ª,ENGENHARIA FLORESTAL (BACHARELADO),DARCY RIBEIRO,DIURNO,2,Cota para Negros,-21.139,-21.139,-21.139,1
2020-2022,1°,1ª,ENGENHARIA MECATRÔNICA - CONTROLE E AUTOMAÇÃO (BACHARELADO),DARCY RIBEIRO,DIURNO,1,Sistema Universal,116.231,162.86,131.542,9
2020-2022,1°,2ª,ENGENHARIA MECATRÔNICA - CONTROLE E AUTOMAÇÃO (BACHARELADO),DARCY RIBEIRO,DIURNO,1,Sistema Universal,93.29,112.041,103.359,5
2020-2022,1°,3ª,ENGENHARIA MECATRÔNICA - CONTROLE E AUTOMAÇÃO (BACHARELADO),DARCY RIBEIRO,DIURNO,1,Sistema Universal,93.073,93.073,93.073,1
2020-2022,1°,4ª,ENGENHARIA MECATRÔNICA - CONTROLE E AUTOMAÇÃO (BACHARELADO),DARCY RIBEIRO,DIURNO,1,Sistema Universal,88.81,88.81,88.81,1
2020-2022,1°,1ª,ENGENHARIA MECATRÔNICA - CONTROLE E AUTOMAÇÃO (BACHARELADO),DARCY RIBEIRO,DIURNO,2,Cota para Negros,53.035,53.035,53.035,1
2020-2022,1°,1ª,ENGENHARIA MECÂNICA (BACHARELADO),DARCY RIBEIRO,DIURNO,1,Sistema Universal,58.439,154.863,103.131,10
2020-2022,1°,2ª,ENGENHARIA MECÂNICA (BACHARELADO),DARCY RIBEIRO,DIURNO,1,Sistema Universal,-13.417,58.178,15.75,9
2020-2022,1°,3ª,ENGENHARIA MECÂNICA (BACHARELADO),DARCY RIBEIRO,DIURNO,1,Sistema Universal,-33.846,-30.129,-31.987,2
2020-2022,1°,1ª,ENGENHARIA MECÂNICA (BACHARELADO),DARCY RIBEIRO,DIURNO,2,Cota para Negros,12.814,12.814,12.814,1
2020-2022,1°,1ª,ENGENHARIA QUÍMICA (BACHARELADO),DARCY RIBEIRO,DIURNO,1,Sistema Universal,59.512,108.454,76.579,9
2020-2022,1°,2ª,ENGENHARIA QUÍMICA (BACHARELADO),DARCY RIBEIRO,DIURNO,1,Sistema Universal,29.534,52.048,35.72,6
2020-2022,1°,3ª,ENGENHARIA QUÍMICA (BACHARELADO),DARCY RIBEIRO,DIURNO,1,Sistema Universal,-8.304,15.306,3.501,2
2020-2022,1°,4ª,ENGENHARIA QUÍMICA (BACHARELADO),DARCY RIBEIRO,DIURNO,1,Sistema Universal,-20.255,-17.315,-18.785,2
2020-2022,1°,1ª,ENGENHARIAS - AEROESPACIAL / AUTOMOTIVA / ELETRÔNICA / ENERGIA / SOFTWARE (BACHARELADOS)**,GAMA,DIURNO,1,Sistema Universal,50.773,178.331,78.226,61
2020-2022,1°,2ª,ENGENHARIAS - AEROESPACIAL / AUTOMOTIVA / ELETRÔNICA / ENERGIA / SOFTWARE (BACHARELADOS)**,GAMA,DIURNO,1,Sistema Universal,32.935,50.361,40.806,27
2020-2022,1°,3ª,ENGENHARIAS - AEROESPACIAL / AUTOMOTIVA / ELETRÔNICA / ENERGIA / SOFTWARE (BACHARELADOS)**,GAMA,DIURNO,1,Sistema Universal,29.179,32.558,31.205,12
2020-2022,1°,4ª,ENGENHARIAS - AEROESPACIAL / AUTOMOTIVA / ELETRÔNICA / ENERGIA / SOFTWARE (BACHARELADOS)**,GAMA,DIURNO,1,Sistema Universal,27.893,28.799,28.404,4
2020-2022,1°,1ª,ENGENHARIAS - AEROESPACIAL / AUTOMOTIVA / ELETRÔNICA / ENERGIA / SOFTWARE (BACHARELADOS)**,GAMA,DIURNO,2,Cota para Negros,24.066,129.802,58.079,7
2020-2022,1°,2ª,ENGENHARIAS - AEROESPACIAL / AUTOMOTIVA / ELETRÔNICA / ENERGIA / SOFTWARE (BACHARELADOS)**,GAMA,DIURNO,2,Cota para Negros,2.104,22.873,12.488,2
2020-2022,1°,3ª,ENGENHARIAS - AEROESPACIAL / AUTOMOTIVA / ELETRÔNICA / ENERGIA / SOFTWARE (BACHARELADOS)**,GAMA,DIURNO,2,Cota para Negros,-3.966,1.878,-1.044,2
2020-2022,1°,4ª,ENGENHARIAS - AEROESPACIAL / AUTOMOTIVA / ELETRÔNICA / ENERGIA / SOFTWARE (BACHARELADOS)**,GAMA,DIURNO,2,Cota para Negros,-13.83,-7.897,-10.864,2
2020-2022,1°,1ª,ESTATÍSTICA (BACHARELADO),DARCY RIBEIRO,DIURNO,1,Sistema Universal,10.445,122.669,54.788,17
2020-2022,1°,2ª,ESTATÍSTICA (BACHARELADO),DARCY RIBEIRO,DIURNO,1,Sistema Universal,-49.048,8.504,-11.918,5
2020-2022,1°,3ª,ESTATÍSTICA (BACHARELADO),DARCY RIBEIRO,DIURNO,1,Sistema Universal,-67.587,-67.587,-67.587,1
2020-2022,1°,4ª,ESTATÍSTICA (BACHARELADO),DARCY RIBEIRO,DIURNO,1,Sistema Universal,-81.74,-81.74,-81.74,1
2020-2022,1°,1ª,FARMÁCIA (BACHARELADO),CEILÂNDIA,DIURNO,1,Sistema Universal,17.577,66.477,38.575,10
2020-2022,1°,2ª,FARMÁCIA (BACHARELADO),CEILÂNDIA,DIURNO,1,Sistema Universal,6.831,13.574,9.893,4
2020-2022,1°,3ª,FARMÁCIA (BACHARELADO),CEILÂNDIA,DIURNO,1,Sistema Universal,5.076,5.356,5.216,2
2020-2022,1°,4ª,FARMÁCIA (BACHARELADO),CEILÂNDIA,DIURNO,1,Sistema Universal,4.602,4.837,4.72,2
2020-2022,1°,1ª,FARMÁCIA (BACHARELADO),CEILÂNDIA,DIURNO,2,Cota para Negros,37.12,37.12,37.12,1
2020-2022,1°,1ª,FARMÁCIA (BACHARELADO),DARCY RIBEIRO,DIURNO,1,Sistema Universal,57.242,101.253,73.031,9
2020-2022,1°,2ª,FARMÁCIA (BACHARELADO),DARCY RIBEIRO,DIURNO,1,Sistema Universal,49.876,55.911,52.703,4
2020-2022,1°,3ª,FARMÁCIA (BACHARELADO),DARCY RIBEIRO,DIURNO,1,Sistema Universal,38.781,46.082,41.409,4
2020-2022,1°,4ª,FARMÁCIA (BACHARELADO),DARCY RIBEIRO,DIURNO,1,Sistema Universal,34.281,34.281,34.281,1
2020-2022,1°,1ª,FARMÁCIA (BACHARELADO),DARCY RIBEIRO,DIURNO,2,Cota para Negros,-29.349,-29.349,-29.349,1
2020-2022,1°,1ª,FARMÁCIA (BACHARELADO),DARCY RIBEIRO,NOTURNO,1,Sistema Universal,1.833,14.412,8.381,4
2020-2022,1°,2ª,FARMÁCIA (BACHARELADO),DARCY RIBEIRO,NOTURNO,1,Sistema Universal,0.176,1.274,0.725,2
2020-2022,1°,1ª,FARMÁCIA (BACHARELADO),DARCY RIBEIRO,NOTURNO,2,Cota para Negros,27.978,27.978,27.978,1
2020-2022,1°,1ª,FILOSOFIA (BACHARELADO/LICENCIATURA),DARCY RIBEIRO,DIURNO,1,Sistema Universal,-65.778,92.933,-7.964,13
2020-2022,1°,1ª,FILOSOFIA (LICENCIATURA),DARCY RIBEIRO,NOTURNO,1,Sistema Universal,2.725,2.725,2.725,1
2020-2022,1°,1ª,FISIOTERAPIA (BACHARELADO),CEILÂNDIA,DIURNO,1,Sistema Universal,33.173,91.814,54.324,11
2020-2022,1°,2ª,FISIOTERAPIA (BACHARELADO),CEILÂNDIA,DIURNO,1,Sistema Universal,17.473,32.444,24.217,5
2020-2022,1°,3ª,FISIOTERAPIA (BACHARELADO),CEILÂNDIA,DIURNO,1,Sistema Universal,13.842,14.145,13.994,2
2020-2022,1°,4ª,FISIOTERAPIA (BACHARELADO),CEILÂNDIA,DIURNO,1,Sistema Universal,11.525,11.525,11.525,1
2020-2022,1°,1ª,FISIOTERAPIA (BACHARELADO),CEILÂNDIA,DIURNO,2,Cota para Negros,3.695,3.695,3.695,1
2020-2022,1°,1ª,FONOAUDIOLOGIA (BACHARELADO),CEILÂNDIA,DIURNO,1,Sistema Universal,8.094,46.991,21.625,8
2020-2022,1°,2ª,FONOAUDIOLOGIA (BACHARELADO),CEILÂNDIA,DIURNO,1,Sistema Universal,-4.778,6.562,1.852,5
2020-2022,1°,3ª,FONOAUDIOLOGIA (BACHARELADO),CEILÂNDIA,DIURNO,1,Sistema Universal,-6.227,-6.227,-6.227,1
2020-2022,1°,1ª,FONOAUDIOLOGIA (BACHARELADO),CEILÂNDIA,DIURNO,2,Cota para Negros,2.749,2.749,2.749,1
2020-2022,1°,1ª,FÍSICA (BACHARELADO),DARCY RIBEIRO,DIURNO,1,Sistema Universal,18.948,130.469,71.867,9
2020-2022,1°,2ª,FÍSICA (BACHARELADO),DARCY RIBEIRO,DIURNO,1,Sistema Universal,-21.207,4.973,-10.08,4
2020-2022,1°,3ª,FÍSICA (BACHARELADO),DARCY RIBEIRO,DIURNO,1,Sistema Universal,-21.215,-21.215,-21.215,1
2020-2022,1°,1ª,FÍSICA (BACHARELADO),DARCY RIBEIRO,DIURNO,2,Cota para Negros,60.143,60.143,60.143,1
2020-2022,1°,1ª,GEOFÍSICA (BACHARELADO),DARCY RIBEIRO,DIURNO,1,Sistema Universal,-30.09,113.042,10.831,4
2020-2022,1°,1ª,GEOGRAFIA (BACHARELADO/LICENCIATURA),DARCY RIBEIRO,DIURNO,1,Sistema Universal,-23.824,96.723,30.025,7
2020-2022,1°,1ª,GEOLOGIA (BACHARELADO),DARCY RIBEIRO,DIURNO,1,Sistema Universal,-54.123,51.959,-2.656,10
2020-2022,1°,2ª,GEOLOGIA (BACHARELADO),DARCY RIBEIRO,DIURNO,1,Sistema Universal,-60.694,-60.694,-75.966,2
2020-2022,1°,1ª,GEOLOGIA (BACHARELADO),DARCY RIBEIRO,DIURNO,2,Cota para Negros,-36.67,-36.67,-36.67,1
2020-2022,1°,1ª,GESTÃO AMBIENTAL (BACHARELADO),PLANALTINA,NOTURNO,1,Sistema Universal,31.975,31.975,-7.392,2
2020-2022,1°,1ª,GESTÃO DE AGRONEGÓCIO (BACHARELADO),DARCY RIBEIRO,NOTURNO,1,Sistema Universal,-37.744,-19.741,-28.742,2
2020-2022,1°,1ª,GESTÃO DE POLÍTICAS PÚBLICAS (BACHARELADO),DARCY RIBEIRO,NOTURNO,1,Sistema Universal,-65.744,40.755,-20.93,14
2020-2022,1°,1ª,GESTÃO DE POLÍTICAS PÚBLICAS (BACHARELADO),DARCY RIBEIRO,NOTURNO,2,Cota para Negros,-18.676,-18.676,-18.676,1
2020-2022,1°,1ª,GESTÃO DO AGRONEGÓCIO (BACHARELADO),PLANALTINA,DIURNO,1,Sistema Universal,4.58,4.58,-46.048,2
2020-2022,1°,1ª,GESTÃO DO AGRONEGÓCIO (BACHARELADO),PLANALTINA,DIURNO,2,Cota para Negros,-45.106,-45.106,-45.106,1
2020-2022,1°,1ª,HISTÓRIA (BACHARELADO/LICENCIATURA),DARCY RIBEIRO,DIURNO,1,Sistema Universal,41.891,79.295,54.818,9
2020-2022,1°,2ª,HISTÓRIA (BACHARELADO/LICENCIATURA),DARCY RIBEIRO,DIURNO,1,Sistema Universal,35.193,36.689,35.941,2
2020-2022,1°,4ª,HISTÓRIA (BACHARELADO/LICENCIATURA),DARCY RIBEIRO,DIURNO,1,Sistema Universal,31.864,31.864,31.864,1
2020-2022,1°,1ª,HISTÓRIA (BACHARELADO/LICENCIATURA),DARCY RIBEIRO,DIURNO,2,Cota para Negros,-36.358,-36.358,-36.358,1
2020-2022,1°,1ª,HISTÓRIA (LICENCIATURA),DARCY RIBEIRO,NOTURNO,1,Sistema Universal,-11.417,59.169,7.544,8
2020-2022,1°,1ª,JORNALISMO (BACHARELADO),DARCY RIBEIRO,DIURNO,1,Sistema Universal,81.218,107.228,91.743,4
2020-2022,1°,2ª,JORNALISMO (BACHARELADO),DARCY RIBEIRO,DIURNO,1,Sistema Universal,80.66,80.812,80.736,2
2020-2022,1°,3ª,JORNALISMO (BACHARELADO),DARCY RIBEIRO,DIURNO,1,Sistema Universal,71.678,71.678,71.678,1
2020-2022,1°,4ª,JORNALISMO (BACHARELADO),DARCY RIBEIRO,DIURNO,1,Sistema Universal,70.953,70.953,70.953,1
2020-2022,1°,1ª,JORNALISMO (BACHARELADO),DARCY RIBEIRO,DIURNO,2,Cota para Negros,29.956,29.956,29.956,1
2020-2022,1°,2ª,JORNALISMO (BACHARELADO),DARCY RIBEIRO,DIURNO,2,Cota para Negros,-24.041,-24.041,-24.041,1
2020-2022,1°,1ª,LETRAS - PORTUGUÊS DO BRASIL COMO SEGUNDA LÍNGUA (LICENCIATURA),DARCY RIBEIRO,DIURNO,1,Sistema Universal,-27.059,48.382,-4.218,10
2020-2022,1°,2ª,LETRAS - PORTUGUÊS DO BRASIL COMO SEGUNDA LÍNGUA (LICENCIATURA),DARCY RIBEIRO,DIURNO,1,Sistema Universal,-31.119,-31.119,-31.119,1
2020-2022,1°,1ª,LETRAS - PORTUGUÊS DO BRASIL COMO SEGUNDA LÍNGUA (LICENCIATURA),DARCY RIBEIRO,DIURNO,2,Cota para Negros,-27.202,-27.202,-27.202,1
2020-2022,1°,1ª,LETRAS - TRADUÇÃO - FRANCÊS (BACHARELADO),DARCY RIBEIRO,DIURNO,1,Sistema Universal,8.992,8.992,-33.415,2
2020-2022,1°,1ª,LETRAS - TRADUÇÃO - INGLÊS (BACHARELADO),DARCY RIBEIRO,DIURNO,1,Sistema Universal,13.43,119.299,47.082,4
2020-2022,1°,1ª,LETRAS - TRADUÇÃO - INGLÊS (BACHARELADO),DARCY RIBEIRO,DIURNO,2,Cota para Negros,-3.039,-3.039,-3.039,1
2020-2022,1°,1ª,LETRAS - TRADUÇÃO ESPANHOL (BACHARELADO),DARCY RIBEIRO,NOTURNO,1,Sistema Universal,-52.043,-52.043,-52.043,1
2020-2022,1°,1ª,LICENCIATURA EM ARTES CÊNICAS*,DARCY RIBEIRO,DIURNO,1,Sistema Universal,-11.613,96.437,7.243,4
2020-2022,1°,1ª,LICENCIATURA EM CIÊNCIAS BIOLÓGICAS,DARCY RIBEIRO,NOTURNO,1,Sistema Universal,-34.711,141.546,21.334,15
2020-2022,1°,2ª,LICENCIATURA EM CIÊNCIAS BIOLÓGICAS,DARCY RIBEIRO,NOTURNO,1,Sistema Universal,-74.053,-36.925,-58.18,5
2020-2022,1°,1ª,LICENCIATURA EM FÍSICA,DARCY RIBEIRO,NOTURNO,1,Sistema Universal,-36.579,52.384,-16.757,10
2020-2022,1°,1ª,LICENCIATURA EM MATEMÁTICA,DARCY RIBEIRO,NOTURNO,1,Sistema Universal,-4.127,1.157,-13.599,4
2020-2022,1°,1ª,LICENCIATURA EM QUÍMICA,DARCY RIBEIRO,NOTURNO,1,Sistema Universal,0.306,40.6,24.769,6
2020-2022,1°,1ª,LÍNGUA E LITERATURA JAPONESA (LICENCIATURA),DARCY RIBEIRO,NOTURNO,1,Sistema Universal,-14.325,-14.325,-33.669,2
2020-2022,1°,1ª,LÍNGUA E LITERATURA JAPONESA (LICENCIATURA),DARCY RIBEIRO,NOTURNO,2,Cota para Negros,-59.483,-59.483,-59.483,1
2020-2022,1°,1ª,LÍNGUA ESPANHOLA E LITERATURA ESPANHOLA E HISPANO-AMERICANA (LICENCIATURA),DARCY RIBEIRO,NOTURNO,1,Sistema Universal,-55.904,-27.428,-41.322,3
2020-2022,1°,1ª,LÍNGUA ESTRANGEIRA APLICADA - MULTILINGUISMO E SOCIEDADE DA INFORMAÇÃO (BACHARELADO),DARCY RIBEIRO,DIURNO,1,Sistema Universal,-32.749,50.344,8.088,6
2020-2022,1°,1ª,LÍNGUA ESTRANGEIRA APLICADA - MULTILINGUISMO E SOCIEDADE DA INFORMAÇÃO (BACHARELADO),DARCY RIBEIRO,DIURNO,2,Cota para Negros,44.585,44.585,44.585,1
2020-2022,1°,1ª,LÍNGUA FRANCESA E RESPECTIVA LITERATURA (BACHARELADO/LICENCIATURA),DARCY RIBEIRO,DIURNO,1,Sistema Universal,-46.285,-4.072,-28.825,3
2020-2022,1°,2ª,LÍNGUA FRANCESA E RESPECTIVA LITERATURA (BACHARELADO/LICENCIATURA),DARCY RIBEIRO,DIURNO,1,Sistema Universal,-46.285,33.075,33.075,1
2020-2022,1°,2ª,LÍNGUA FRANCESA E RESPECTIVA LITERATURA (BACHARELADO/LICENCIATURA),DARCY RIBEIRO,DIURNO,2,Cota para Negros,-29.091,-29.091,-29.091,1
2020-2022,1°,1ª,LÍNGUA INGLESA E RESPECTIVA LITERATURA (BACHARELADO/LICENCIATURA),DARCY RIBEIRO,DIURNO,1,Sistema Universal,22.431,60.504,36.915,4
2020-2022,1°,1ª,LÍNGUA INGLESA E RESPECTIVA LITERATURA (BACHARELADO/LICENCIATURA),DARCY RIBEIRO,DIURNO,2,Cota para Negros,26.727,26.727,26.727,1
2020-2022,1°,1ª,LÍNGUA PORTUGUESA E RESPECTIVA LITERATURA (BACHARELADO/LICENCIATURA),DARCY RIBEIRO,DIURNO,1,Sistema Universal,33.307,56.705,47.369,6
2020-2022,1°,1ª,LÍNGUA PORTUGUESA E RESPECTIVA LITERATURA (BACHARELADO/LICENCIATURA),DARCY RIBEIRO,DIURNO,2,Cota para Negros,5.699,5.699,5.699,1
2020-2022,1°,1ª,LÍNGUA PORTUGUESA E RESPECTIVA LITERATURA (LICENCIATURA),DARCY RIBEIRO,NOTURNO,1,Sistema Universal,-79.901,19.512,-19.24,6
2020-2022,1°,1ª,MATEMÁTICA (BACHARELADO/LICENCIATURA),DARCY RIBEIRO,DIURNO,1,Sistema Universal,31.531,86.792,50.757,8
2020-2022,1°,2ª,MATEMÁTICA (BACHARELADO/LICENCIATURA),DARCY RIBEIRO,DIURNO,1,Sistema Universal,12.702,20.668,16.276,3
2020-2022,1°,3ª,MATEMÁTICA (BACHARELADO/LICENCIATURA),DARCY RIBEIRO,DIURNO,1,Sistema Universal,11.282,11.282,11.282,1
2020-2022,1°,1ª,MATEMÁTICA (BACHARELADO/LICENCIATURA),DARCY RIBEIRO,DIURNO,2,Cota para Negros,3.005,3.005,3.005,1
2020-2022,1°,1ª,MEDICINA (BACHARELADO),DARCY RIBEIRO,DIURNO,1,Sistema Universal,183.5,209.07,192.694,8
2020-2022,1°,2ª,MEDICINA (BACHARELADO),DARCY RIBEIRO,DIURNO,1,Sistema Universal,182.172,183.265,182.718,2
2020-2022,1°,3ª,MEDICINA (BACHARELADO),DARCY RIBEIRO,DIURNO,1,Sistema Universal,181.429,181.429,181.429,1
2020-2022,1°,4ª,MEDICINA (BACHARELADO),DARCY RIBEIRO,DIURNO,1,Sistema Universal,180.693,180.693,180.693,1
2020-2022,1°,1ª,MEDICINA (BACHARELADO),DARCY RIBEIRO,DIURNO,2,Cota para Negros,94.772,94.772,94.772,1
2020-2022,1°,1ª,MEDICINA VETERINÁRIA (BACHARELADO),DARCY RIBEIRO,DIURNO,1,Sistema Universal,68.525,134.95,92.029,9
2020-2022,1°,2ª,MEDICINA VETERINÁRIA (BACHARELADO),DARCY RIBEIRO,DIURNO,1,Sistema Universal,59.668,62.854,61.414,3
2020-2022,1°,1ª,MEDICINA VETERINÁRIA (BACHARELADO),DARCY RIBEIRO,DIURNO,2,Cota para Negros,10.471,10.471,10.471,1
2020-2022,1°,1ª,MUSEOLOGIA (BACHARELADO),DARCY RIBEIRO,DIURNO,1,Sistema Universal,-45.669,38.698,-6.976,5
2020-2022,1°,1ª,MÚSICA (BACHARELADO)*,DARCY RIBEIRO,DIURNO,1,Sistema Universal,7.205,28.19,17.698,2
2020-2022,1°,1ª,MÚSICA (LICENCIATURA)*,DARCY RIBEIRO,DIURNO,1,Sistema Universal,-27.39,-27.39,-27.39,1
2020-2022,1°,1ª,NUTRIÇÃO (BACHARELADO),DARCY RIBEIRO,DIURNO,1,Sistema Universal,59.022,91.433,71.934,7
2020-2022,1°,2ª,NUTRIÇÃO (BACHARELADO),DARCY RIBEIRO,DIURNO,1,Sistema Universal,45.755,50.952,48.61,5
2020-2022,1°,3ª,NUTRIÇÃO (BACHARELADO),DARCY RIBEIRO,DIURNO,1,Sistema Universal,44.075,44.706,44.39,2
2020-2022,1°,4ª,NUTRIÇÃO (BACHARELADO),DARCY RIBEIRO,DIURNO,1,Sistema Universal,42.604,43.889,43.246,2
2020-2022,1°,1ª,NUTRIÇÃO (BACHARELADO),DARCY RIBEIRO,DIURNO,2,Cota para Negros,12.194,12.194,12.194,1
2020-2022,1°,1ª,ODONTOLOGIA (BACHARELADO),DARCY RIBEIRO,DIURNO,1,Sistema Universal,97.52,129.466,108.977,6
2020-2022,1°,2ª,ODONTOLOGIA (BACHARELADO),DARCY RIBEIRO,DIURNO,1,Sistema Universal,86.179,88.464,87.322,2
2020-2022,1°,3ª,ODONTOLOGIA (BACHARELADO),DARCY RIBEIRO,DIURNO,1,Sistema Universal,82.259,85.361,83.81,2
2020-2022,1°,4ª,ODONTOLOGIA (BACHARELADO),DARCY RIBEIRO,DIURNO,1,Sistema Universal,74.568,78.447,76.086,3
2020-2022,1°,1ª,ODONTOLOGIA (BACHARELADO),DARCY RIBEIRO,DIURNO,2,Cota para Negros,25.114,25.114,25.114,1
2020-2022,1°,1ª,PEDAGOGIA (LICENCIATURA),DARCY RIBEIRO,DIURNO,1,Sistema Universal,-9.603,56.526,9.761,16
2020-2022,1°,2ª,PEDAGOGIA (LICENCIATURA),DARCY RIBEIRO,DIURNO,1,Sistema Universal,-14.004,-11.55,-12.827,3
2020-2022,1°,3ª,PEDAGOGIA (LICENCIATURA),DARCY RIBEIRO,DIURNO,1,Sistema Universal,-15.484,-15.484,-15.484,1
2020-2022,1°,4ª,PEDAGOGIA (LICENCIATURA),DARCY RIBEIRO,DIURNO,1,Sistema Universal,-19.303,-19.303,-19.303,1
2020-2022,1°,1ª,PEDAGOGIA (LICENCIATURA),DARCY RIBEIRO,DIURNO,2,Cota para Negros,17.019,17.019,-12.482,2
2020-2022,1°,1ª,PEDAGOGIA (LICENCIATURA),DARCY RIBEIRO,NOTURNO,1,Sistema Universal,-82.573,9.451,-37.566,12
2020-2022,1°,2ª,PEDAGOGIA (LICENCIATURA),DARCY RIBEIRO,NOTURNO,1,Sistema Universal,-86.402,-86.402,-86.402,1
2020-2022,1°,1ª,PEDAGOGIA (LICENCIATURA),DARCY RIBEIRO,NOTURNO,2,Cota para Negros,-8.815,-8.815,-8.815,1
2020-2022,1°,1ª,PSICOLOGIA (BACHARELADO / LICENCIATURA / PSICÓLOGO),DARCY RIBEIRO,DIURNO,1,Sistema Universal,105.646,176.006,134.5,12
2020-2022,1°,2ª,PSICOLOGIA (BACHARELADO / LICENCIATURA / PSICÓLOGO),DARCY RIBEIRO,DIURNO,1,Sistema Universal,98.022,105.416,101.15,3
2020-2022,1°,1ª,PSICOLOGIA (BACHARELADO / LICENCIATURA / PSICÓLOGO),DARCY RIBEIRO,DIURNO,2,Cota para Negros,56.866,56.866,56.866,1
2020-2022,1°,1ª,QUÍMICA (BACHARELADO),DARCY RIBEIRO,DIURNO,1,Sistema Universal,54.059,126.092,86.482,7
2020-2022,1°,2ª,QUÍMICA (BACHARELADO),DARCY RIBEIRO,DIURNO,1,Sistema Universal,19.693,32.75,25.91,5
2020-2022,1°,3ª,QUÍMICA (BACHARELADO),DARCY RIBEIRO,DIURNO,1,Sistema Universal,12.284,12.565,12.424,2
2020-2022,1°,4ª,QUÍMICA (BACHARELADO),DARCY RIBEIRO,DIURNO,1,Sistema Universal,8.535,9.522,9.029,2
2020-2022,1°,1ª,QUÍMICA TECNOLÓGICA (BACHARELADO),DARCY RIBEIRO,DIURNO,1,Sistema Universal,-29.361,35.844,5.084,4
2020-2022,1°,1ª,RELAÇÕES INTERNACIONAIS (BACHARELADO),DARCY RIBEIRO,DIURNO,1,Sistema Universal,95.161,150.831,116.23,10
2020-2022,1°,2ª,RELAÇÕES INTERNACIONAIS (BACHARELADO),DARCY RIBEIRO,DIURNO,1,Sistema Universal,92.92,94.591,93.756,2
2020-2022,1°,3ª,RELAÇÕES INTERNACIONAIS (BACHARELADO),DARCY RIBEIRO,DIURNO,1,Sistema Universal,91.841,91.841,91.841,1
2020-2022,1°,4ª,RELAÇÕES INTERNACIONAIS (BACHARELADO),DARCY RIBEIRO,DIURNO,1,Sistema Universal,90.638,90.638,90.638,1
2020-2022,1°,1ª,RELAÇÕES INTERNACIONAIS (BACHARELADO),DARCY RIBEIRO,DIURNO,2,Cota para Negros,74.993,74.993,74.993,1
2020-2022,1°,2ª,RELAÇÕES INTERNACIONAIS (BACHARELADO),DARCY RIBEIRO,DIURNO,2,Cota para Negros,69.961,69.961,69.961,1
2020-2022,1°,1ª,SAÚDE COLETIVA (BACHARELADO),CEILÂNDIA,DIURNO,1,Sistema Universal,-84.455,-10.106,-49.445,12
2020-2022,1°,1ª,SAÚDE COLETIVA (BACHARELADO),CEILÂNDIA,DIURNO,2,Cota para Negros,-18.853,-18.853,-18.853,1
2020-2022,1°,1ª,SAÚDE COLETIVA (BACHARELADO),DARCY RIBEIRO,NOTURNO,1,Sistema Universal,-67.854,-26.878,-49.372,7
2020-2022,1°,1ª,SERVIÇO SOCIAL (BACHARELADO),DARCY RIBEIRO,DIURNO,1,Sistema Universal,-37.204,18.722,-12.52,9
2020-2022,1°,2ª,SERVIÇO SOCIAL (BACHARELADO),DARCY RIBEIRO,DIURNO,1,Sistema Universal,-46.273,-42.146,-44.21,2
2020-2022,1°,1ª,SERVIÇO SOCIAL (BACHARELADO),DARCY RIBEIRO,DIURNO,2,Cota para Negros,16.93,16.93,16.93,1
2020-2022,1°,1ª,"TEORIA, CRÍTICA E HISTÓRIA DA ARTE (BACHARELADO)",DARCY RIBEIRO,NOTURNO,1,Sistema Universal,-64.852,-7.391,-34.752,4
2020-2022,1°,1ª,TERAPIA OCUPACIONAL (BACHARELADO),CEILÂNDIA,DIURNO,1,Sistema Universal,-28.652,51.395,0.3,14
2020-2022,1°,2ª,TERAPIA OCUPACIONAL (BACHARELADO),CEILÂNDIA,DIURNO,1,Sistema Universal,-42.695,-31.041,-34.472,6
2020-2022,1°,3ª,TERAPIA OCUPACIONAL (BACHARELADO),CEILÂNDIA,DIURNO,1,Sistema Universal,-43.753,-43.753,-43.753,1
2020-2022,1°,1ª,TERAPIA OCUPACIONAL (BACHARELADO),CEILÂNDIA,DIURNO,2,Cota para Negros,-31.006,-31.006,-31.006,1
2020-2022,1°,1ª,TURISMO (BACHARELADO),DARCY RIBEIRO,DIURNO,1,Sistema Universal,-46.412,20.419,-36.05,7
2020-2022,2°,2ª,ADMINISTRAÇÃO (BACHARELADO),DARCY RIBEIRO,DIURNO,1,Sistema Universal,-5.701,-2.012,-3.566,5
2020-2022,2°,3ª,ADMINISTRAÇÃO (BACHARELADO),DARCY RIBEIRO,DIURNO,1,Sistema Universal,-13.28,-5.886,-8.31,5
2020-2022,2°,4ª,ADMINISTRAÇÃO (BACHARELADO),DARCY RIBEIRO,DIURNO,1,Sistema Universal,-22.721,-13.343,-18.086,5
2020-2022,2°,5ª,ADMINISTRAÇÃO (BACHARELADO),DARCY RIBEIRO,DIURNO,1,Sistema Universal,-25.255,-24.547,-24.968,3
2020-2022,2°,2ª,ARQUITETURA E URBANISMO (BACHARELADO),DARCY RIBEIRO,DIURNO,1,Sistema Universal,50.544,56.11,52.112,4
2020-2022,2°,5ª,ARQUITETURA E URBANISMO (BACHARELADO),DARCY RIBEIRO,DIURNO,1,Sistema Universal,46.884,46.884,46.884,1
2020-2022,2°,2ª,ARQUITETURA E URBANISMO (BACHARELADO),DARCY RIBEIRO,NOTURNO,1,Sistema Universal,-10.544,-7.304,-9.206,3
2020-2022,2°,3ª,ARQUITETURA E URBANISMO (BACHARELADO),DARCY RIBEIRO,NOTURNO,1,Sistema Universal,-11.425,-10.998,-11.212,2
2020-2022,2°,5ª,ARQUITETURA E URBANISMO (BACHARELADO),DARCY RIBEIRO,NOTURNO,1,Sistema Universal,-13.67,-13.67,-13.67,1
2020-2022,2°,2ª,CIÊNCIA DA COMPUTAÇÃO (BACHARELADO),DARCY RIBEIRO,DIURNO,1,Sistema Universal,110.774,111.009,110.892,2
2020-2022,2°,3ª,CIÊNCIA DA COMPUTAÇÃO (BACHARELADO),DARCY RIBEIRO,DIURNO,1,Sistema Universal,106.916,106.916,106.916,1
2020-2022,2°,2ª,CIÊNCIA POLÍTICA (BACHARELADO),DARCY RIBEIRO,DIURNO,1,Sistema Universal,-28.517,-19.188,-24.268,7
2020-2022,2°,3ª,CIÊNCIA POLÍTICA (BACHARELADO),DARCY RIBEIRO,DIURNO,1,Sistema Universal,-34.649,-28.8,-30.784,4
2020-2022,2°,4ª,CIÊNCIA POLÍTICA (BACHARELADO),DARCY RIBEIRO,DIURNO,1,Sistema Universal,-38.623,-37.669,-38.146,2
2020-2022,2°,2ª,CIÊNCIAS BIOLÓGICAS (BACHARELADO),DARCY RIBEIRO,DIURNO,1,Sistema Universal,36.259,43.684,39.119,5
2020-2022,2°,3ª,CIÊNCIAS BIOLÓGICAS (BACHARELADO),DARCY RIBEIRO,DIURNO,1,Sistema Universal,29.988,35.304,32.165,5
2020-2022,2°,4ª,CIÊNCIAS BIOLÓGICAS (BACHARELADO),DARCY RIBEIRO,DIURNO,1,Sistema Universal,23.778,27.14,25.453,3
2020-2022,2°,5ª,CIÊNCIAS BIOLÓGICAS (BACHARELADO),DARCY RIBEIRO,DIURNO,1,Sistema Universal,20.722,22.905,21.549,3
2020-2022,2°,2ª,CIÊNCIAS ECONÔMICAS (BACHARELADO),DARCY RIBEIRO,DIURNO,1,Sistema Universal,46.648,51.569,49.431,4
2020-2022,2°,3ª,CIÊNCIAS ECONÔMICAS (BACHARELADO),DARCY RIBEIRO,DIURNO,1,Sistema Universal,46.35,46.35,46.35,1
2020-2022,2°,4ª,CIÊNCIAS ECONÔMICAS (BACHARELADO),DARCY RIBEIRO,DIURNO,1,Sistema Universal,44.853,44.853,44.853,1
2020-2022,2°,2ª,COMUNICAÇÃO SOCIAL - AUDIOVISUAL (BACHARELADO),DARCY RIBEIRO,DIURNO,1,Sistema Universal,26.258,30.352,28.683,4
2020-2022,2°,3ª,COMUNICAÇÃO SOCIAL - AUDIOVISUAL (BACHARELADO),DARCY RIBEIRO,DIURNO,1,Sistema Universal,26.192,26.192,26.192,1
2020-2022,2°,2ª,COMUNICAÇÃO SOCIAL - PUBLICIDADE E PROPAGANDA (BACHARELADO),DARCY RIBEIRO,DIURNO,1,Sistema Universal,46.563,47.605,47.084,2
2020-2022,2°,5ª,COMUNICAÇÃO SOCIAL - PUBLICIDADE E PROPAGANDA (BACHARELADO),DARCY RIBEIRO,DIURNO,2,Cota para Negros,45.57,45.57,45.57,1
2020-2022,2°,2ª,DESIGN - PROGRAMAÇÃO VISUAL/PROJETO DO PRODUTO (BACHARELADO),DARCY RIBEIRO,DIURNO,1,Sistema Universal,63.264,70.415,66.84,2
2020-2022,2°,2ª,DESIGN - PROGRAMAÇÃO VISUAL/PROJETO DO PRODUTO (BACHARELADO),DARCY RIBEIRO,DIURNO,2,Cota para Negros,-7.177,-7.177,-7.177,1
2020-2022,2°,3ª,DESIGN - PROGRAMAÇÃO VISUAL/PROJETO DO PRODUTO (BACHARELADO),DARCY RIBEIRO,DIURNO,2,Cota para Negros,-9.783,-9.783,-9.783,1
2020-2022,2°,2ª,DIREITO (BACHARELADO),DARCY RIBEIRO,DIURNO,1,Sistema Universal,92.136,97.83,95.43,5
2020-2022,2°,3ª,DIREITO (BACHARELADO),DARCY RIBEIRO,DIURNO,1,Sistema Universal,91.231,91.231,91.231,1
2020-2022,2°,4ª,DIREITO (BACHARELADO),DARCY RIBEIRO,DIURNO,1,Sistema Universal,89.624,89.624,89.624,1
2020-2022,2°,5ª,DIREITO (BACHARELADO),DARCY RIBEIRO,DIURNO,1,Sistema Universal,88.329,88.329,88.329,1
2020-2022,2°,2ª,DIREITO (BACHARELADO),DARCY RIBEIRO,NOTURNO,2,Cota para Negros,5.048,5.048,-11.48,2
2020-2022,2°,2ª,EDUCAÇÃO FÍSICA (BACHARELADO),DARCY RIBEIRO,DIURNO,1,Sistema Universal,-32.66,-25.631,-28.985,8
2020-2022,2°,3ª,EDUCAÇÃO FÍSICA (BACHARELADO),DARCY RIBEIRO,DIURNO,1,Sistema Universal,-34.16,-32.883,-33.522,2
2020-2022,2°,4ª,EDUCAÇÃO FÍSICA (BACHARELADO),DARCY RIBEIRO,DIURNO,1,Sistema Universal,-35.456,-35.456,-35.456,1
2020-2022,2°,2ª,EDUCAÇÃO FÍSICA (LICENCIATURA),DARCY RIBEIRO,DIURNO,1,Sistema Universal,-62.597,-52.361,-57.452,9
2020-2022,2°,3ª,EDUCAÇÃO FÍSICA (LICENCIATURA),DARCY RIBEIRO,DIURNO,1,Sistema Universal,-78.31,-63.149,-78.847,6
2020-2022,2°,2ª,ENFERMAGEM (BACHARELADO),CEILÂNDIA,DIURNO,1,Sistema Universal,-3.447,6.191,1.035,6
2020-2022,2°,3ª,ENFERMAGEM (BACHARELADO),CEILÂNDIA,DIURNO,1,Sistema Universal,-8.231,-5.228,-6.73,2
2020-2022,2°,4ª,ENFERMAGEM (BACHARELADO),CEILÂNDIA,DIURNO,1,Sistema Universal,-8.991,-8.991,-8.991,1
2020-2022,2°,2ª,ENFERMAGEM (BACHARELADO),DARCY RIBEIRO,DIURNO,1,Sistema Universal,24.949,28.348,26.601,3
2020-2022,2°,3ª,ENFERMAGEM (BACHARELADO),DARCY RIBEIRO,DIURNO,1,Sistema Universal,21.221,22.922,22.072,2
2020-2022,2°,4ª,ENFERMAGEM (BACHARELADO),DARCY RIBEIRO,DIURNO,1,Sistema Universal,18.537,19.372,18.954,2
2020-2022,2°,5ª,ENFERMAGEM (BACHARELADO),DARCY RIBEIRO,DIURNO,1,Sistema Universal,17.928,17.928,17.928,1
2020-2022,2°,2ª,ENGENHARIA DE COMPUTAÇÃO (BACHARELADO),DARCY RIBEIRO,DIURNO,1,Sistema Universal,88.041,89.462,88.752,2
2020-2022,2°,3ª,ENGENHARIA DE COMPUTAÇÃO (BACHARELADO),DARCY RIBEIRO,DIURNO,1,Sistema Universal,83.67,87.229,85.45,2
2020-2022,2°,4ª,ENGENHARIA DE COMPUTAÇÃO (BACHARELADO),DARCY RIBEIRO,DIURNO,1,Sistema Universal,82.804,82.804,82.804,1
2020-2022,2°,2ª,ENGENHARIA MECATRÔNICA - CONTROLE E AUTOMAÇÃO (BACHARELADO),DARCY RIBEIRO,DIURNO,1,Sistema Universal,-75.709,-20.664,-40.922,6
2020-2022,2°,2ª,ENGENHARIAS - AEROESPACIAL / AUTOMOTIVA / ELETRÔNICA / ENERGIA / SOFTWARE (BACHARELADOS)**,GAMA,DIURNO,1,Sistema Universal,-41.192,-23.662,-30.694,42
2020-2022,2°,3ª,ENGENHARIAS - AEROESPACIAL / AUTOMOTIVA / ELETRÔNICA / ENERGIA / SOFTWARE (BACHARELADOS)**,GAMA,DIURNO,1,Sistema Universal,-57.538,-41.503,-49.089,24
2020-2022,2°,4ª,ENGENHARIAS - AEROESPACIAL / AUTOMOTIVA / ELETRÔNICA / ENERGIA / SOFTWARE (BACHARELADOS)**,GAMA,DIURNO,1,Sistema Universal,-74.171,-57.855,-67.268,18
2020-2022,2°,5ª,ENGENHARIAS - AEROESPACIAL / AUTOMOTIVA / ELETRÔNICA / ENERGIA / SOFTWARE (BACHARELADOS)**,GAMA,DIURNO,1,Sistema Universal,-93.481,-76.838,-82.41,7
2020-2022,2°,2ª,ENGENHARIAS - AEROESPACIAL / AUTOMOTIVA / ELETRÔNICA / ENERGIA / SOFTWARE (BACHARELADOS)**,GAMA,DIURNO,2,Cota para Negros,-54.549,-53.707,-54.128,2
2020-2022,2°,3ª,ENGENHARIAS - AEROESPACIAL / AUTOMOTIVA / ELETRÔNICA / ENERGIA / SOFTWARE (BACHARELADOS)**,GAMA,DIURNO,2,Cota para Negros,-65.66,-65.66,-65.66,1
2020-2022,2°,2ª,FARMÁCIA (BACHARELADO),CEILÂNDIA,DIURNO,1,Sistema Universal,-50.805,-21.618,-35.588,10
2020-2022,2°,3ª,FARMÁCIA (BACHARELADO),CEILÂNDIA,DIURNO,1,Sistema Universal,-63.01,-51.117,-58.063,8
2020-2022,2°,4ª,FARMÁCIA (BACHARELADO),CEILÂNDIA,DIURNO,1,Sistema Universal,-69.531,-63.144,-66.261,4
2020-2022,2°,5ª,FARMÁCIA (BACHARELADO),CEILÂNDIA,DIURNO,1,Sistema Universal,-80.875,-77.479,-79.177,2
2020-2022,2°,2ª,FARMÁCIA (BACHARELADO),DARCY RIBEIRO,DIURNO,1,Sistema Universal,-28.054,-16.376,-22.3,4
2020-2022,2°,3ª,FARMÁCIA (BACHARELADO),DARCY RIBEIRO,DIURNO,1,Sistema Universal,-28.174,-28.174,-28.174,1
2020-2022,2°,2ª,FARMÁCIA (BACHARELADO),DARCY RIBEIRO,NOTURNO,1,Sistema Universal,-35.197,-29.016,-31.528,4
2020-2022,2°,3ª,FARMÁCIA (BACHARELADO),DARCY RIBEIRO,NOTURNO,1,Sistema Universal,-44.789,-42.347,-43.568,2
2020-2022,2°,4ª,FARMÁCIA (BACHARELADO),DARCY RIBEIRO,NOTURNO,1,Sistema Universal,-48.044,-45.624,-46.834,2
2020-2022,2°,5ª,FARMÁCIA (BACHARELADO),DARCY RIBEIRO,NOTURNO,1,Sistema Universal,-53.611,-53.611,-53.611,1
2020-2022,2°,2ª,FISIOTERAPIA (BACHARELADO),CEILÂNDIA,DIURNO,1,Sistema Universal,-6.475,-4.726,-5.6,2
2020-2022,2°,2ª,FONOAUDIOLOGIA (BACHARELADO),CEILÂNDIA,DIURNO,1,Sistema Universal,-51.477,-40.685,-45.447,6
2020-2022,2°,3ª,FONOAUDIOLOGIA (BACHARELADO),CEILÂNDIA,DIURNO,1,Sistema Universal,-52.277,-52.277,-52.277,1
2020-2022,2°,4ª,FONOAUDIOLOGIA (BACHARELADO),CEILÂNDIA,DIURNO,1,Sistema Universal,-56.29,-56.29,-56.29,1
2020-2022,2°,2ª,HISTÓRIA (BACHARELADO/LICENCIATURA),DARCY RIBEIRO,DIURNO,1,Sistema Universal,-15.388,-9.789,-12.293,6
2020-2022,2°,3ª,HISTÓRIA (BACHARELADO/LICENCIATURA),DARCY RIBEIRO,DIURNO,1,Sistema Universal,-20.98,-18.902,-19.782,3
2020-2022,2°,4ª,HISTÓRIA (BACHARELADO/LICENCIATURA),DARCY RIBEIRO,DIURNO,1,Sistema Universal,-26.916,-25.198,-26.305,3
2020-2022,2°,5ª,HISTÓRIA (BACHARELADO/LICENCIATURA),DARCY RIBEIRO,DIURNO,1,Sistema Universal,-28.448,-28.448,-28.448,1
2020-2022,2°,2ª,JORNALISMO (BACHARELADO),DARCY RIBEIRO,DIURNO,1,Sistema Universal,47.416,51.436,49.426,2
2020-2022,2°,3ª,JORNALISMO (BACHARELADO),DARCY RIBEIRO,DIURNO,1,Sistema Universal,47.361,47.361,47.361,1
2020-2022,2°,2ª,LETRAS - TRADUÇÃO - INGLÊS (BACHARELADO),DARCY RIBEIRO,DIURNO,1,Sistema Universal,-16.419,-15.772,-16.096,2
2020-2022,2°,3ª,LETRAS - TRADUÇÃO - INGLÊS (BACHARELADO),DARCY RIBEIRO,DIURNO,1,Sistema Universal,-17.867,-17.558,-17.712,2
2020-2022,2°,4ª,LETRAS - TRADUÇÃO - INGLÊS (BACHARELADO),DARCY RIBEIRO,DIURNO,1,Sistema Universal,-20.613,-20.613,-20.613,1
2020-2022,2°,5ª,LETRAS - TRADUÇÃO - INGLÊS (BACHARELADO),DARCY RIBEIRO,DIURNO,1,Sistema Universal,-20.613,44.769,8.657,2
2020-2022,2°,2ª,LÍNGUA INGLESA E RESPECTIVA LITERATURA (BACHARELADO/LICENCIATURA),DARCY RIBEIRO,DIURNO,2,Cota para Negros,-30.018,-30.018,-30.018,1
2020-2022,2°,3ª,LÍNGUA INGLESA E RESPECTIVA LITERATURA (BACHARELADO/LICENCIATURA),DARCY RIBEIRO,DIURNO,2,Cota para Negros,-56.17,-56.17,-56.17,1
2020-2022,2°,2ª,LÍNGUA PORTUGUESA E RESPECTIVA LITERATURA (BACHARELADO/LICENCIATURA),DARCY RIBEIRO,DIURNO,1,Sistema Universal,-29.622,-19.202,-23.946,6
2020-2022,2°,3ª,LÍNGUA PORTUGUESA E RESPECTIVA LITERATURA (BACHARELADO/LICENCIATURA),DARCY RIBEIRO,DIURNO,1,Sistema Universal,-60.065,-32.1,-46.286,5
2020-2022,2°,4ª,LÍNGUA PORTUGUESA E RESPECTIVA LITERATURA (BACHARELADO/LICENCIATURA),DARCY RIBEIRO,DIURNO,1,Sistema Universal,-77.605,-64.986,-71.296,2
2020-2022,2°,2ª,MEDICINA VETERINÁRIA (BACHARELADO),DARCY RIBEIRO,DIURNO,1,Sistema Universal,40.547,42.644,41.333,3
2020-2022,2°,2ª,NUTRIÇÃO (BACHARELADO),DARCY RIBEIRO,DIURNO,1,Sistema Universal,24.138,29.257,26.638,5
2020-2022,2°,3ª,NUTRIÇÃO (BACHARELADO),DARCY RIBEIRO,DIURNO,1,Sistema Universal,18.972,21.856,20.36,4
2020-2022,2°,4ª,NUTRIÇÃO (BACHARELADO),DARCY RIBEIRO,DIURNO,1,Sistema Universal,17.162,18.445,17.975,3
2020-2022,2°,5ª,NUTRIÇÃO (BACHARELADO),DARCY RIBEIRO,DIURNO,1,Sistema Universal,16.266,17.142,16.73,3
2020-2022,2°,2ª,ODONTOLOGIA (BACHARELADO),DARCY RIBEIRO,DIURNO,1,Sistema Universal,55.399,55.399,55.399,1
2020-2022,2°,2ª,ODONTOLOGIA (BACHARELADO),DARCY RIBEIRO,DIURNO,2,Cota para Negros,16.143,16.143,16.143,1
2020-2022,2°,2ª,PEDAGOGIA (LICENCIATURA),DARCY RIBEIRO,DIURNO,1,Sistema Universal,-78.36,-58.4,-67.318,14
2020-2022,2°,3ª,PEDAGOGIA (LICENCIATURA),DARCY RIBEIRO,DIURNO,1,Sistema Universal,-97.867,-80.585,-89.226,2
2020-2022,2°,5ª,PSICOLOGIA (BACHARELADO / LICENCIATURA / PSICÓLOGO),DARCY RIBEIRO,DIURNO,1,Sistema Universal,74.239,75.344,74.792,2
2020-2022,2°,2ª,RELAÇÕES INTERNACIONAIS (BACHARELADO),DARCY RIBEIRO,DIURNO,2,Cota para Negros,16.381,16.381,16.381,1
2021-2023,1°,1ª,ADMINISTRAÇÃO (BACHARELADO),DARCY RIBEIRO,DIURNO,1,Sistema Universal,46.485,94.873,67.672,13
2021-2023,1°,2ª,ADMINISTRAÇÃO (BACHARELADO),DARCY RIBEIRO,DIURNO,1,Sistema Universal,26.201,41.215,34.903,6
2021-2023,1°,1ª,ADMINISTRAÇÃO (BACHARELADO),DARCY RIBEIRO,DIURNO,2,Cota para Negros,44.699,44.699,19.859,2
2021-2023,1°,1ª,ADMINISTRAÇÃO (BACHARELADO),DARCY RIBEIRO,NOTURNO,1,Sistema Universal,-17.276,52.003,3.05,20
2021-2023,1°,2ª,ADMINISTRAÇÃO (BACHARELADO),DARCY RIBEIRO,NOTURNO,1,Sistema Universal,-27.681,-20.428,-24.838,5
2021-2023,1°,1ª,ADMINISTRAÇÃO (BACHARELADO),DARCY RIBEIRO,NOTURNO,2,Cota para Negros,-6.548,-2.003,-4.276,2
2021-2023,1°,1ª,AGRONOMIA (BACHARELADO),DARCY RIBEIRO,DIURNO,1,Sistema Universal,-7.422,85.304,30.123,18
2021-2023,1°,2ª,AGRONOMIA (BACHARELADO),DARCY RIBEIRO,DIURNO,1,Sistema Universal,-20.694,-11.948,-16.861,7
2021-2023,1°,1ª,AGRONOMIA (BACHARELADO),DARCY RIBEIRO,DIURNO,2,Cota para Negros,32.518,32.518,-27.043,2
2021-2023,1°,1ª,ARQUITETURA E URBANISMO (BACHARELADO),DARCY RIBEIRO,DIURNO,1,Sistema Universal,89.757,125.136,106.657,9
2021-2023,1°,2ª,ARQUITETURA E URBANISMO (BACHARELADO),DARCY RIBEIRO,DIURNO,1,Sistema Universal,83.25,88.804,85.264,3
2021-2023,1°,1ª,ARQUITETURA E URBANISMO (BACHARELADO),DARCY RIBEIRO,DIURNO,2,Cota para Negros,53.175,53.175,53.175,1
2021-2023,1°,1ª,ARQUITETURA E URBANISMO (BACHARELADO),DARCY RIBEIRO,NOTURNO,1,Sistema Universal,61.623,87.641,73.7,6
2021-2023,1°,2ª,ARQUITETURA E URBANISMO (BACHARELADO),DARCY RIBEIRO,NOTURNO,1,Sistema Universal,59.498,59.498,59.498,1
2021-2023,1°,1ª,ARQUITETURA E URBANISMO (BACHARELADO),DARCY RIBEIRO,NOTURNO,2,Cota para Negros,-49.856,-49.856,-49.856,1
2021-2023,1°,1ª,ARQUIVOLOGIA (BACHARELADO),DARCY RIBEIRO,NOTURNO,1,Sistema Universal,-55.63,-13.001,-36.353,7
2021-2023,1°,1ª,ARTES CÊNICAS - INTERPRETAÇÃO TEATRAL (BACHARELADO),DARCY RIBEIRO,DIURNO,1,Sistema Universal,9.492,24.387,17.074,3
2021-2023,1°,2ª,ARTES CÊNICAS - INTERPRETAÇÃO TEATRAL (BACHARELADO),DARCY RIBEIRO,DIURNO,1,Sistema Universal,4.851,4.851,4.851,1
2021-2023,1°,1ª,ARTES VISUAIS (BACHARELADO)*,DARCY RIBEIRO,DIURNO,1,Sistema Universal,-13.782,47.739,18.207,12
2021-2023,1°,2ª,ARTES VISUAIS (BACHARELADO)*,DARCY RIBEIRO,DIURNO,1,Sistema Universal,-17.763,-17.763,-17.763,1
2021-2023,1°,1ª,BIBLIOTECONOMIA (BACHARELADO),DARCY RIBEIRO,DIURNO,1,Sistema Universal,-82.692,28.164,-30.141,12
2021-2023,1°,2ª,BIBLIOTECONOMIA (BACHARELADO),DARCY RIBEIRO,DIURNO,1,Sistema Universal,-99.731,-84.284,-92.008,2
2021-2023,1°,1ª,BIBLIOTECONOMIA (BACHARELADO),DARCY RIBEIRO,DIURNO,2,Cota para Negros,-34.372,-34.372,-34.372,1
2021-2023,1°,1ª,BIOTECNOLOGIA (BACHARELADO),DARCY RIBEIRO,DIURNO,1,Sistema Universal,68.301,132.613,105.849,9
2021-2023,1°,2ª,BIOTECNOLOGIA (BACHARELADO),DARCY RIBEIRO,DIURNO,1,Sistema Universal,60.904,67.92,65.259,4
2021-2023,1°,1ª,BIOTECNOLOGIA (BACHARELADO),DARCY RIBEIRO,DIURNO,2,Cota para Negros,64.75,64.75,64.75,1
2021-2023,1°,1ª,CIÊNCIA DA COMPUTAÇÃO (BACHARELADO),DARCY RIBEIRO,DIURNO,1,Sistema Universal,143.984,188.751,162.971,9
2021-2023,1°,2ª,CIÊNCIA DA COMPUTAÇÃO (BACHARELADO),DARCY RIBEIRO,DIURNO,1,Sistema Universal,142.133,143.901,142.961,6
2021-2023,1°,1ª,CIÊNCIA DA COMPUTAÇÃO (BACHARELADO),DARCY RIBEIRO,DIURNO,2,Cota para Negros,137.024,137.024,137.024,1
2021-2023,1°,1ª,CIÊNCIA POLÍTICA (BACHARELADO),DARCY RIBEIRO,DIURNO,1,Sistema Universal,51.775,76.944,61.081,10
2021-2023,1°,2ª,CIÊNCIA POLÍTICA (BACHARELADO),DARCY RIBEIRO,DIURNO,1,Sistema Universal,47.383,49.469,48.426,2
2021-2023,1°,1ª,CIÊNCIA POLÍTICA (BACHARELADO),DARCY RIBEIRO,DIURNO,2,Cota para Negros,59.772,59.772,59.772,1
2021-2023,1°,1ª,CIÊNCIAS AMBIENTAIS (BACHARELADO),DARCY RIBEIRO,NOTURNO,1,Sistema Universal,-51.442,9.203,-35.451,6
2021-2023,1°,1ª,CIÊNCIAS AMBIENTAIS (BACHARELADO),DARCY RIBEIRO,NOTURNO,2,Cota para Negros,-39.988,-39.988,-39.988,1
2021-2023,1°,1ª,CIÊNCIAS BIOLÓGICAS (BACHARELADO),DARCY RIBEIRO,DIURNO,1,Sistema Universal,92.094,139.272,110.734,9
2021-2023,1°,2ª,CIÊNCIAS BIOLÓGICAS (BACHARELADO),DARCY RIBEIRO,DIURNO,1,Sistema Universal,79.249,85.136,83.014,4
2021-2023,1°,1ª,CIÊNCIAS BIOLÓGICAS (BACHARELADO),DARCY RIBEIRO,DIURNO,2,Cota para Negros,24.351,24.351,24.351,1
2021-2023,1°,2ª,CIÊNCIAS BIOLÓGICAS (BACHARELADO),DARCY RIBEIRO,DIURNO,2,Cota para Negros,15.481,15.481,15.481,1
2021-2023,1°,1ª,CIÊNCIAS CONTÁBEIS (BACHARELADO),DARCY RIBEIRO,DIURNO,1,Sistema Universal,12.567,74.209,31.703,18
2021-2023,1°,2ª,CIÊNCIAS CONTÁBEIS (BACHARELADO),DARCY RIBEIRO,DIURNO,1,Sistema Universal,-3.138,11.663,4.373,9
2021-2023,1°,1ª,CIÊNCIAS CONTÁBEIS (BACHARELADO),DARCY RIBEIRO,DIURNO,2,Cota para Negros,-24.684,3.632,-10.526,2
2021-2023,1°,1ª,CIÊNCIAS CONTÁBEIS (BACHARELADO),DARCY RIBEIRO,NOTURNO,1,Sistema Universal,-69.227,45.134,-23.407,10
2021-2023,1°,1ª,CIÊNCIAS CONTÁBEIS (BACHARELADO),DARCY RIBEIRO,NOTURNO,2,Cota para Negros,-24.978,-24.978,-47.592,2
2021-2023,1°,1ª,CIÊNCIAS ECONÔMICAS (BACHARELADO),DARCY RIBEIRO,DIURNO,1,Sistema Universal,105.597,150.5,115.704,11
2021-2023,1°,2ª,CIÊNCIAS ECONÔMICAS (BACHARELADO),DARCY RIBEIRO,DIURNO,1,Sistema Universal,88.437,102.218,92.688,8
2021-2023,1°,1ª,CIÊNCIAS ECONÔMICAS (BACHARELADO),DARCY RIBEIRO,DIURNO,2,Cota para Negros,13.26,13.26,13.26,1
2021-2023,1°,1ª,CIÊNCIAS NATURAIS (LICENCIATURA),PLANALTINA,DIURNO,1,Sistema Universal,-85.11,9.258,-35.664,7
2021-2023,1°,1ª,CIÊNCIAS NATURAIS (LICENCIATURA),PLANALTINA,NOTURNO,1,Sistema Universal,-52.216,-52.216,-52.216,1
2021-2023,1°,1ª,CIÊNCIAS SOCIAIS - ANTROPOLOGIA / SOCIOLOGIA (BACHARELADO/LICENCIATURA),DARCY RIBEIRO,DIURNO,1,Sistema Universal,3.024,73.106,24.638,20
2021-2023,1°,2ª,CIÊNCIAS SOCIAIS - ANTROPOLOGIA / SOCIOLOGIA (BACHARELADO/LICENCIATURA),DARCY RIBEIRO,DIURNO,1,Sistema Universal,-19.3,1.869,-6.073,14
2021-2023,1°,1ª,CIÊNCIAS SOCIAIS - ANTROPOLOGIA / SOCIOLOGIA (BACHARELADO/LICENCIATURA),DARCY RIBEIRO,DIURNO,2,Cota para Negros,-9.211,20.554,5.671,2
2021-2023,1°,1ª,COMPUTAÇÃO (LICENCIATURA),DARCY RIBEIRO,NOTURNO,1,Sistema Universal,-26.5,71.725,16.501,18
2021-2023,1°,2ª,COMPUTAÇÃO (LICENCIATURA),DARCY RIBEIRO,NOTURNO,1,Sistema Universal,-42.998,-32.86,-38.805,4
2021-2023,1°,1ª,COMPUTAÇÃO (LICENCIATURA),DARCY RIBEIRO,NOTURNO,2,Cota para Negros,35.66,35.66,35.66,1
2021-2023,1°,1ª,COMUNICAÇÃO ORGANIZACIONAL (BACHARELADO),DARCY RIBEIRO,NOTURNO,1,Sistema Universal,-28.122,57.848,3.862,17
2021-2023,1°,2ª,COMUNICAÇÃO ORGANIZACIONAL (BACHARELADO),DARCY RIBEIRO,NOTURNO,1,Sistema Universal,-77.466,-36.857,-61.946,3
2021-2023,1°,1ª,COMUNICAÇÃO ORGANIZACIONAL (BACHARELADO),DARCY RIBEIRO,NOTURNO,2,Cota para Negros,-9.15,-9.15,-9.15,1
2021-2023,1°,1ª,COMUNICAÇÃO SOCIAL - AUDIOVISUAL (BACHARELADO),DARCY RIBEIRO,DIURNO,1,Sistema Universal,64.129,103.109,77.719,4
2021-2023,1°,2ª,COMUNICAÇÃO SOCIAL - AUDIOVISUAL (BACHARELADO),DARCY RIBEIRO,DIURNO,1,Sistema Universal,56.245,60.199,58.222,2
2021-2023,1°,1ª,COMUNICAÇÃO SOCIAL - AUDIOVISUAL (BACHARELADO),DARCY RIBEIRO,DIURNO,2,Cota para Negros,3.32,3.32,3.32,1
2021-2023,1°,1ª,COMUNICAÇÃO SOCIAL - PUBLICIDADE E PROPAGANDA (BACHARELADO),DARCY RIBEIRO,DIURNO,1,Sistema Universal,69.286,79.509,73.289,4
2021-2023,1°,2ª,COMUNICAÇÃO SOCIAL - PUBLICIDADE E PROPAGANDA (BACHARELADO),DARCY RIBEIRO,DIURNO,1,Sistema Universal,67.927,67.927,67.927,1
2021-2023,1°,1ª,COMUNICAÇÃO SOCIAL - PUBLICIDADE E PROPAGANDA (BACHARELADO),DARCY RIBEIRO,DIURNO,2,Cota para Negros,66.561,66.561,66.561,1
2021-2023,1°,1ª,DESIGN - PROGRAMAÇÃO VISUAL/PROJETO DO PRODUTO (BACHARELADO),DARCY RIBEIRO,DIURNO,1,Sistema Universal,72.512,107.697,92.13,4
2021-2023,1°,2ª,DESIGN - PROGRAMAÇÃO VISUAL/PROJETO DO PRODUTO (BACHARELADO),DARCY RIBEIRO,DIURNO,1,Sistema Universal,57.384,64.192,60.788,2
2021-2023,1°,1ª,DESIGN - PROGRAMAÇÃO VISUAL/PROJETO DO PRODUTO (BACHARELADO),DARCY RIBEIRO,DIURNO,2,Cota para Negros,61.424,61.424,61.424,1
2021-2023,1°,1ª,DIREITO (BACHARELADO),DARCY RIBEIRO,DIURNO,1,Sistema Universal,120.424,173.239,145.136,15
2021-2023,1°,2ª,DIREITO (BACHARELADO),DARCY RIBEIRO,DIURNO,1,Sistema Universal,116.335,119.669,118.106,5
2021-2023,1°,1ª,DIREITO (BACHARELADO),DARCY RIBEIRO,DIURNO,2,Cota para Negros,71.16,85.356,78.258,2
2021-2023,1°,2ª,DIREITO (BACHARELADO),DARCY RIBEIRO,DIURNO,2,Cota para Negros,45.094,45.094,45.094,1
2021-2023,1°,1ª,DIREITO (BACHARELADO),DARCY RIBEIRO,NOTURNO,1,Sistema Universal,101.522,131.453,115.029,13
2021-2023,1°,2ª,DIREITO (BACHARELADO),DARCY RIBEIRO,NOTURNO,1,Sistema Universal,100.214,101.333,100.774,2
2021-2023,1°,1ª,DIREITO (BACHARELADO),DARCY RIBEIRO,NOTURNO,2,Cota para Negros,97.6,97.6,82.208,2
2021-2023,1°,1ª,EDUCAÇÃO FÍSICA (BACHARELADO),DARCY RIBEIRO,DIURNO,1,Sistema Universal,15.802,78.06,37.344,10
2021-2023,1°,2ª,EDUCAÇÃO FÍSICA (BACHARELADO),DARCY RIBEIRO,DIURNO,1,Sistema Universal,15.322,15.792,15.557,2
2021-2023,1°,1ª,EDUCAÇÃO FÍSICA (BACHARELADO),DARCY RIBEIRO,DIURNO,2,Cota para Negros,32.152,32.152,32.152,1
2021-2023,1°,1ª,EDUCAÇÃO FÍSICA (LICENCIATURA),DARCY RIBEIRO,DIURNO,1,Sistema Universal,-13.216,39.102,7.44,11
2021-2023,1°,2ª,EDUCAÇÃO FÍSICA (LICENCIATURA),DARCY RIBEIRO,DIURNO,1,Sistema Universal,-23.616,-13.376,-19.242,4
2021-2023,1°,1ª,EDUCAÇÃO FÍSICA (LICENCIATURA),DARCY RIBEIRO,DIURNO,2,Cota para Negros,20.087,20.087,20.087,1
2021-2023,1°,2ª,EDUCAÇÃO FÍSICA (LICENCIATURA),DARCY RIBEIRO,DIURNO,2,Cota para Negros,-15.549,-15.549,-15.549,1
2021-2023,1°,1ª,ENFERMAGEM (BACHARELADO),CEILÂNDIA,DIURNO,1,Sistema Universal,40.205,65.958,48.609,11
2021-2023,1°,2ª,ENFERMAGEM (BACHARELADO),CEILÂNDIA,DIURNO,1,Sistema Universal,36.848,36.848,36.848,1
2021-2023,1°,1ª,ENFERMAGEM (BACHARELADO),CEILÂNDIA,DIURNO,2,Cota para Negros,2.879,2.879,2.879,1
2021-2023,1°,1ª,ENFERMAGEM (BACHARELADO),DARCY RIBEIRO,DIURNO,1,Sistema Universal,59.656,128.899,82.107,9
2021-2023,1°,2ª,ENFERMAGEM (BACHARELADO),DARCY RIBEIRO,DIURNO,1,Sistema Universal,46.302,59.158,52.898,6
2021-2023,1°,1ª,ENFERMAGEM (BACHARELADO),DARCY RIBEIRO,DIURNO,2,Cota para Negros,11.027,11.027,11.027,1
2021-2023,1°,1ª,ENGENHARIA AMBIENTAL (BACHARELADO),DARCY RIBEIRO,DIURNO,1,Sistema Universal,22.496,67.115,40.008,13
2021-2023,1°,2ª,ENGENHARIA AMBIENTAL (BACHARELADO),DARCY RIBEIRO,DIURNO,1,Sistema Universal,-20.516,16.71,-1.639,8
2021-2023,1°,1ª,ENGENHARIA AMBIENTAL (BACHARELADO),DARCY RIBEIRO,DIURNO,2,Cota para Negros,70.353,70.353,70.353,1
2021-2023,1°,2ª,ENGENHARIA AMBIENTAL (BACHARELADO),DARCY RIBEIRO,DIURNO,2,Cota para Negros,-13.268,-13.268,-13.268,1
2021-2023,1°,1ª,ENGENHARIA CIVIL (BACHARELADO),DARCY RIBEIRO,DIURNO,1,Sistema Universal,66.769,120.301,81.052,9
2021-2023,1°,2ª,ENGENHARIA CIVIL (BACHARELADO),DARCY RIBEIRO,DIURNO,1,Sistema Universal,56.995,65.463,61.278,6
2021-2023,1°,1ª,ENGENHARIA CIVIL (BACHARELADO),DARCY RIBEIRO,DIURNO,2,Cota para Negros,39.079,39.079,39.079,1
2021-2023,1°,2ª,ENGENHARIA CIVIL (BACHARELADO),DARCY RIBEIRO,DIURNO,2,Cota para Negros,7.676,7.676,7.676,1
2021-2023,1°,1ª,ENGENHARIA DE COMPUTAÇÃO (BACHARELADO),DARCY RIBEIRO,DIURNO,1,Sistema Universal,120.445,156.459,129.858,9
2021-2023,1°,2ª,ENGENHARIA DE COMPUTAÇÃO (BACHARELADO),DARCY RIBEIRO,DIURNO,1,Sistema Universal,112.925,115.943,114.581,3
2021-2023,1°,1ª,ENGENHARIA DE COMPUTAÇÃO (BACHARELADO),DARCY RIBEIRO,DIURNO,2,Cota para Negros,46.95,46.95,46.95,1
2021-2023,1°,1ª,ENGENHARIA DE PRODUÇÃO (BACHARELADO),DARCY RIBEIRO,NOTURNO,1,Sistema Universal,-27.962,104.096,34.657,21
2021-2023,1°,2ª,ENGENHARIA DE PRODUÇÃO (BACHARELADO),DARCY RIBEIRO,NOTURNO,1,Sistema Universal,-75.749,-75.749,-75.749,1
2021-2023,1°,1ª,ENGENHARIA DE PRODUÇÃO (BACHARELADO),DARCY RIBEIRO,NOTURNO,2,Cota para Negros,-13.4,-13.4,-13.4,1
2021-2023,1°,1ª,ENGENHARIA DE REDES DE COMUNICAÇÃO (BACHARELADO),DARCY RIBEIRO,DIURNO,1,Sistema Universal,12.192,61.652,34.03,10
2021-2023,1°,2ª,ENGENHARIA DE REDES DE COMUNICAÇÃO (BACHARELADO),DARCY RIBEIRO,DIURNO,1,Sistema Universal,11.369,15.026,12.446,4
2021-2023,1°,1ª,ENGENHARIA DE REDES DE COMUNICAÇÃO (BACHARELADO),DARCY RIBEIRO,DIURNO,2,Cota para Negros,59.299,59.299,59.299,1
2021-2023,1°,1ª,ENGENHARIA ELÉTRICA (BACHARELADO),DARCY RIBEIRO,DIURNO,1,Sistema Universal,125.478,156.3,138.025,9
2021-2023,1°,2ª,ENGENHARIA ELÉTRICA (BACHARELADO),DARCY RIBEIRO,DIURNO,1,Sistema Universal,82.499,113.283,93.841,8
2021-2023,1°,1ª,ENGENHARIA ELÉTRICA (BACHARELADO),DARCY RIBEIRO,DIURNO,2,Cota para Negros,85.127,85.127,85.127,1
2021-2023,1°,2ª,ENGENHARIA ELÉTRICA (BACHARELADO),DARCY RIBEIRO,DIURNO,2,Cota para Negros,16.461,16.461,16.461,1
2021-2023,1°,1ª,ENGENHARIA FLORESTAL (BACHARELADO),DARCY RIBEIRO,DIURNO,1,Sistema Universal,-53.021,42.301,-9.659,7
2021-2023,1°,1ª,ENGENHARIA FLORESTAL (BACHARELADO),DARCY RIBEIRO,DIURNO,2,Cota para Negros,-32.417,-32.417,-32.417,1
2021-2023,1°,1ª,ENGENHARIA MECATRÔNICA - CONTROLE E AUTOMAÇÃO (BACHARELADO),DARCY RIBEIRO,DIURNO,1,Sistema Universal,71.137,156.247,116.55,13
2021-2023,1°,2ª,ENGENHARIA MECATRÔNICA - CONTROLE E AUTOMAÇÃO (BACHARELADO),DARCY RIBEIRO,DIURNO,1,Sistema Universal,1.84,62.499,24.493,8
2021-2023,1°,1ª,ENGENHARIA MECATRÔNICA - CONTROLE E AUTOMAÇÃO (BACHARELADO),DARCY RIBEIRO,DIURNO,2,Cota para Negros,139.153,139.153,139.153,1
2021-2023,1°,2ª,ENGENHARIA MECATRÔNICA - CONTROLE E AUTOMAÇÃO (BACHARELADO),DARCY RIBEIRO,DIURNO,2,Cota para Negros,-29.528,-29.528,-29.528,1
2021-2023,1°,1ª,ENGENHARIA MECÂNICA (BACHARELADO),DARCY RIBEIRO,DIURNO,1,Sistema Universal,88.12,136.666,110.053,10
2021-2023,1°,2ª,ENGENHARIA MECÂNICA (BACHARELADO),DARCY RIBEIRO,DIURNO,1,Sistema Universal,48.882,75.494,61.466,8
2021-2023,1°,1ª,ENGENHARIA MECÂNICA (BACHARELADO),DARCY RIBEIRO,DIURNO,2,Cota para Negros,65.176,65.176,65.176,1
2021-2023,1°,2ª,ENGENHARIA MECÂNICA (BACHARELADO),DARCY RIBEIRO,DIURNO,2,Cota para Negros,9.688,9.688,9.688,1
2021-2023,1°,1ª,ENGENHARIA QUÍMICA (BACHARELADO),DARCY RIBEIRO,DIURNO,1,Sistema Universal,61.647,136.761,92.855,12
2021-2023,1°,2ª,ENGENHARIA QUÍMICA (BACHARELADO),DARCY RIBEIRO,DIURNO,1,Sistema Universal,41.337,59.603,52.757,8
2021-2023,1°,1ª,ENGENHARIA QUÍMICA (BACHARELADO),DARCY RIBEIRO,DIURNO,2,Cota para Negros,56.973,56.973,56.973,1
2021-2023,1°,1ª,ENGENHARIAS - AEROESPACIAL / AUTOMOTIVA / ELETRÔNICA / ENERGIA / SOFTWARE (BACHARELADOS)**,GAMA,DIURNO,1,Sistema Universal,70.386,144.063,93.318,63
2021-2023,1°,2ª,ENGENHARIAS - AEROESPACIAL / AUTOMOTIVA / ELETRÔNICA / ENERGIA / SOFTWARE (BACHARELADOS)**,GAMA,DIURNO,1,Sistema Universal,52.524,69.581,59.562,32
2021-2023,1°,1ª,ENGENHARIAS - AEROESPACIAL / AUTOMOTIVA / ELETRÔNICA / ENERGIA / SOFTWARE (BACHARELADOS)**,GAMA,DIURNO,2,Cota para Negros,33.37,77.805,52.658,7
2021-2023,1°,2ª,ENGENHARIAS - AEROESPACIAL / AUTOMOTIVA / ELETRÔNICA / ENERGIA / SOFTWARE (BACHARELADOS)**,GAMA,DIURNO,2,Cota para Negros,28.687,28.687,28.687,1
2021-2023,1°,1ª,ESTATÍSTICA (BACHARELADO),DARCY RIBEIRO,DIURNO,1,Sistema Universal,30.096,136.549,69.72,15
2021-2023,1°,2ª,ESTATÍSTICA (BACHARELADO),DARCY RIBEIRO,DIURNO,1,Sistema Universal,10.746,29.808,20.535,8
2021-2023,1°,1ª,ESTATÍSTICA (BACHARELADO),DARCY RIBEIRO,DIURNO,2,Cota para Negros,-44.549,-44.549,-44.549,1
2021-2023,1°,1ª,FARMÁCIA (BACHARELADO),CEILÂNDIA,DIURNO,1,Sistema Universal,11.818,63.743,30.517,11
2021-2023,1°,2ª,FARMÁCIA (BACHARELADO),CEILÂNDIA,DIURNO,1,Sistema Universal,3.385,10.436,7.512,5
2021-2023,1°,1ª,FARMÁCIA (BACHARELADO),CEILÂNDIA,DIURNO,2,Cota para Negros,11.437,11.437,11.437,1
2021-2023,1°,2ª,FARMÁCIA (BACHARELADO),CEILÂNDIA,DIURNO,2,Cota para Negros,-36.261,-36.261,-36.261,1
2021-2023,1°,1ª,FARMÁCIA (BACHARELADO),DARCY RIBEIRO,DIURNO,1,Sistema Universal,76.858,148.69,98.041,9
2021-2023,1°,2ª,FARMÁCIA (BACHARELADO),DARCY RIBEIRO,DIURNO,1,Sistema Universal,61.479,68.425,64.53,4
2021-2023,1°,1ª,FARMÁCIA (BACHARELADO),DARCY RIBEIRO,DIURNO,2,Cota para Negros,15.549,15.549,15.549,1
2021-2023,1°,1ª,FARMÁCIA (BACHARELADO),DARCY RIBEIRO,NOTURNO,1,Sistema Universal,19.242,88.621,39.864,5
2021-2023,1°,2ª,FARMÁCIA (BACHARELADO),DARCY RIBEIRO,NOTURNO,1,Sistema Universal,1.36,19.158,8.25,3
2021-2023,1°,1ª,FARMÁCIA (BACHARELADO),DARCY RIBEIRO,NOTURNO,2,Cota para Negros,25.623,25.623,25.623,1
2021-2023,1°,1ª,FILOSOFIA (BACHARELADO/LICENCIATURA),DARCY RIBEIRO,DIURNO,1,Sistema Universal,-30.256,34.653,-4.29,11
2021-2023,1°,2ª,FILOSOFIA (BACHARELADO/LICENCIATURA),DARCY RIBEIRO,DIURNO,1,Sistema Universal,-46.731,-37.081,-42.115,3
2021-2023,1°,1ª,FILOSOFIA (BACHARELADO/LICENCIATURA),DARCY RIBEIRO,DIURNO,2,Cota para Negros,-23.598,-23.598,-23.598,1
2021-2023,1°,1ª,FISIOTERAPIA (BACHARELADO),CEILÂNDIA,DIURNO,1,Sistema Universal,31.089,79.217,44.944,11
2021-2023,1°,2ª,FISIOTERAPIA (BACHARELADO),CEILÂNDIA,DIURNO,1,Sistema Universal,21.889,30.867,27.484,5
2021-2023,1°,1ª,FISIOTERAPIA (BACHARELADO),CEILÂNDIA,DIURNO,2,Cota para Negros,-9.095,-9.095,-9.095,1
2021-2023,1°,2ª,FISIOTERAPIA (BACHARELADO),CEILÂNDIA,DIURNO,2,Cota para Negros,-13.261,-13.261,-13.261,1
2021-2023,1°,1ª,FONOAUDIOLOGIA (BACHARELADO),CEILÂNDIA,DIURNO,1,Sistema Universal,27.297,64.645,37.151,7
2021-2023,1°,2ª,FONOAUDIOLOGIA (BACHARELADO),CEILÂNDIA,DIURNO,1,Sistema Universal,11.271,18.276,14.29,3
2021-2023,1°,1ª,FONOAUDIOLOGIA (BACHARELADO),CEILÂNDIA,DIURNO,2,Cota para Negros,-21.229,-21.229,-21.229,1
2021-2023,1°,1ª,FÍSICA (BACHARELADO),DARCY RIBEIRO,DIURNO,1,Sistema Universal,-7.206,141.578,52.321,10
2021-2023,1°,2ª,FÍSICA (BACHARELADO),DARCY RIBEIRO,DIURNO,1,Sistema Universal,-30.858,-11.265,-21.036,4
2021-2023,1°,1ª,FÍSICA (BACHARELADO),DARCY RIBEIRO,DIURNO,2,Cota para Negros,37.136,37.136,37.136,1
2021-2023,1°,1ª,GEOFÍSICA (BACHARELADO),DARCY RIBEIRO,DIURNO,1,Sistema Universal,-47.521,-2.055,-19.997,6
2021-2023,1°,1ª,GEOGRAFIA (BACHARELADO/LICENCIATURA),DARCY RIBEIRO,DIURNO,1,Sistema Universal,-25.568,44.373,0.296,11
2021-2023,1°,2ª,GEOGRAFIA (BACHARELADO/LICENCIATURA),DARCY RIBEIRO,DIURNO,1,Sistema Universal,-53.956,-27.914,-43.352,5
2021-2023,1°,1ª,GEOLOGIA (BACHARELADO),DARCY RIBEIRO,DIURNO,1,Sistema Universal,-56.763,97.846,-5.787,13
2021-2023,1°,2ª,GEOLOGIA (BACHARELADO),DARCY RIBEIRO,DIURNO,1,Sistema Universal,-69.169,-69.169,-69.169,1
2021-2023,1°,1ª,GESTÃO DE AGRONEGÓCIO (BACHARELADO),DARCY RIBEIRO,NOTURNO,1,Sistema Universal,-83.888,-27.976,-55.638,8
2021-2023,1°,1ª,GESTÃO DE AGRONEGÓCIO (BACHARELADO),DARCY RIBEIRO,NOTURNO,2,Cota para Negros,-12.02,-12.02,-12.02,1
2021-2023,1°,1ª,GESTÃO DE POLÍTICAS PÚBLICAS (BACHARELADO),DARCY RIBEIRO,NOTURNO,1,Sistema Universal,-19.441,89.961,9.809,13
2021-2023,1°,2ª,GESTÃO DE POLÍTICAS PÚBLICAS (BACHARELADO),DARCY RIBEIRO,NOTURNO,1,Sistema Universal,-50.388,-20.824,-35.424,11
2021-2023,1°,1ª,GESTÃO DE POLÍTICAS PÚBLICAS (BACHARELADO),DARCY RIBEIRO,NOTURNO,2,Cota para Negros,5.313,5.313,5.313,1
2021-2023,1°,1ª,HISTÓRIA (BACHARELADO/LICENCIATURA),DARCY RIBEIRO,DIURNO,1,Sistema Universal,36.27,120.935,71.222,9
2021-2023,1°,2ª,HISTÓRIA (BACHARELADO/LICENCIATURA),DARCY RIBEIRO,DIURNO,1,Sistema Universal,27.072,34.555,32.0,4
2021-2023,1°,1ª,HISTÓRIA (BACHARELADO/LICENCIATURA),DARCY RIBEIRO,DIURNO,2,Cota para Negros,11.829,11.829,11.829,1
2021-2023,1°,1ª,HISTÓRIA (LICENCIATURA),DARCY RIBEIRO,NOTURNO,1,Sistema Universal,-69.357,12.295,-23.945,8
2021-2023,1°,1ª,JORNALISMO (BACHARELADO),DARCY RIBEIRO,DIURNO,1,Sistema Universal,95.519,130.233,111.092,4
2021-2023,1°,2ª,JORNALISMO (BACHARELADO),DARCY RIBEIRO,DIURNO,1,Sistema Universal,54.785,84.75,69.025,3
2021-2023,1°,1ª,JORNALISMO (BACHARELADO),DARCY RIBEIRO,DIURNO,2,Cota para Negros,53.554,53.554,53.554,1
2021-2023,1°,1ª,LETRAS - PORTUGUÊS DO BRASIL COMO SEGUNDA LÍNGUA (LICENCIATURA),DARCY RIBEIRO,DIURNO,1,Sistema Universal,-49.96,58.052,-7.274,7
2021-2023,1°,1ª,LETRAS - TRADUÇÃO - FRANCÊS (BACHARELADO),DARCY RIBEIRO,DIURNO,1,Sistema Universal,108.22,108.22,40.566,2
2021-2023,1°,1ª,LETRAS - TRADUÇÃO - INGLÊS (BACHARELADO),DARCY RIBEIRO,DIURNO,1,Sistema Universal,-18.136,26.575,6.649,5
2021-2023,1°,2ª,LETRAS - TRADUÇÃO - INGLÊS (BACHARELADO),DARCY RIBEIRO,DIURNO,1,Sistema Universal,-22.54,-22.54,-22.54,1
2021-2023,1°,1ª,LETRAS - TRADUÇÃO - INGLÊS (BACHARELADO),DARCY RIBEIRO,DIURNO,2,Cota para Negros,8.667,8.667,8.667,1
2021-2023,1°,1ª,LETRAS - TRADUÇÃO ESPANHOL (BACHARELADO),DARCY RIBEIRO,NOTURNO,1,Sistema Universal,-56.295,-56.295,-56.295,1
2021-2023,1°,1ª,LICENCIATURA EM ARTES CÊNICAS,DARCY RIBEIRO,DIURNO,1,Sistema Universal,-1.077,21.881,11.29,5
2021-2023,1°,1ª,LICENCIATURA EM ARTES CÊNICAS,DARCY RIBEIRO,NOTURNO,1,Sistema Universal,25.467,25.467,25.467,1
2021-2023,1°,1ª,LICENCIATURA EM CIÊNCIAS BIOLÓGICAS,DARCY RIBEIRO,NOTURNO,1,Sistema Universal,1.357,67.671,20.507,12
2021-2023,1°,2ª,LICENCIATURA EM CIÊNCIAS BIOLÓGICAS,DARCY RIBEIRO,NOTURNO,1,Sistema Universal,-26.626,-2.752,-10.079,6
2021-2023,1°,1ª,LICENCIATURA EM FÍSICA,DARCY RIBEIRO,NOTURNO,1,Sistema Universal,55.585,55.585,55.585,1
2021-2023,1°,1ª,LICENCIATURA EM MATEMÁTICA,DARCY RIBEIRO,NOTURNO,1,Sistema Universal,-73.474,22.858,-27.23,6
2021-2023,1°,1ª,LICENCIATURA EM MATEMÁTICA,DARCY RIBEIRO,NOTURNO,2,Cota para Negros,43.063,43.063,43.063,1
2021-2023,1°,1ª,LICENCIATURA EM QUÍMICA,DARCY RIBEIRO,NOTURNO,1,Sistema Universal,-21.346,1.634,-8.994,4
2021-2023,1°,1ª,LÍNGUA E LITERATURA JAPONESA (LICENCIATURA),DARCY RIBEIRO,NOTURNO,1,Sistema Universal,-5.043,-5.043,-5.043,1
2021-2023,1°,1ª,LÍNGUA ESPANHOLA E LITERATURA ESPANHOLA E HISPANO-AMERICANA (LICENCIATURA),DARCY RIBEIRO,NOTURNO,1,Sistema Universal,-13.667,-13.667,-13.667,1
2021-2023,1°,1ª,LÍNGUA ESTRANGEIRA APLICADA - MULTILINGUISMO E SOCIEDADE DA INFORMAÇÃO (BACHARELADO),DARCY RIBEIRO,DIURNO,1,Sistema Universal,-6.578,48.385,16.708,10
2021-2023,1°,1ª,LÍNGUA INGLESA E RESPECTIVA LITERATURA (BACHARELADO/LICENCIATURA),DARCY RIBEIRO,DIURNO,1,Sistema Universal,32.247,72.62,53.378,4
2021-2023,1°,2ª,LÍNGUA INGLESA E RESPECTIVA LITERATURA (BACHARELADO/LICENCIATURA),DARCY RIBEIRO,DIURNO,1,Sistema Universal,25.592,25.592,25.592,1
2021-2023,1°,1ª,LÍNGUA INGLESA E RESPECTIVA LITERATURA (BACHARELADO/LICENCIATURA),DARCY RIBEIRO,DIURNO,2,Cota para Negros,-17.014,-17.014,-17.014,1
2021-2023,1°,1ª,LÍNGUA PORTUGUESA E RESPECTIVA LITERATURA (BACHARELADO/LICENCIATURA),DARCY RIBEIRO,DIURNO,1,Sistema Universal,52.636,82.448,66.519,6
2021-2023,1°,2ª,LÍNGUA PORTUGUESA E RESPECTIVA LITERATURA (BACHARELADO/LICENCIATURA),DARCY RIBEIRO,DIURNO,1,Sistema Universal,23.995,49.339,40.416,3
2021-2023,1°,1ª,LÍNGUA PORTUGUESA E RESPECTIVA LITERATURA (BACHARELADO/LICENCIATURA),DARCY RIBEIRO,DIURNO,2,Cota para Negros,35.734,35.734,35.734,1
2021-2023,1°,2ª,LÍNGUA PORTUGUESA E RESPECTIVA LITERATURA (BACHARELADO/LICENCIATURA),DARCY RIBEIRO,DIURNO,2,Cota para Negros,-3.487,-3.487,-3.487,1
2021-2023,1°,1ª,LÍNGUA PORTUGUESA E RESPECTIVA LITERATURA (LICENCIATURA),DARCY RIBEIRO,NOTURNO,1,Sistema Universal,-46.157,-9.045,-29.121,4
2021-2023,1°,1ª,LÍNGUA PORTUGUESA E RESPECTIVA LITERATURA (LICENCIATURA),DARCY RIBEIRO,NOTURNO,2,Cota para Negros,-31.96,-31.96,-31.96,1
2021-2023,1°,1ª,MATEMÁTICA (BACHARELADO/LICENCIATURA),DARCY RIBEIRO,DIURNO,1,Sistema Universal,-2.875,75.036,31.551,8
2021-2023,1°,2ª,MATEMÁTICA (BACHARELADO/LICENCIATURA),DARCY RIBEIRO,DIURNO,1,Sistema Universal,-3.905,-3.905,-3.905,1
2021-2023,1°,1ª,MATEMÁTICA (BACHARELADO/LICENCIATURA),DARCY RIBEIRO,DIURNO,2,Cota para Negros,12.575,12.575,12.575,1
2021-2023,1°,1ª,MEDICINA (BACHARELADO),DARCY RIBEIRO,DIURNO,1,Sistema Universal,177.881,211.738,192.768,9
2021-2023,1°,2ª,MEDICINA (BACHARELADO),DARCY RIBEIRO,DIURNO,1,Sistema Universal,171.43,177.706,174.241,4
2021-2023,1°,1ª,MEDICINA (BACHARELADO),DARCY RIBEIRO,DIURNO,2,Cota para Negros,171.622,171.622,171.622,1
2021-2023,1°,1ª,MEDICINA VETERINÁRIA (BACHARELADO),DARCY RIBEIRO,DIURNO,1,Sistema Universal,93.664,127.484,105.069,9
2021-2023,1°,2ª,MEDICINA VETERINÁRIA (BACHARELADO),DARCY RIBEIRO,DIURNO,1,Sistema Universal,69.156,88.024,76.395,3
2021-2023,1°,1ª,MEDICINA VETERINÁRIA (BACHARELADO),DARCY RIBEIRO,DIURNO,2,Cota para Negros,73.643,73.643,73.643,1
2021-2023,1°,2ª,MEDICINA VETERINÁRIA (BACHARELADO),DARCY RIBEIRO,DIURNO,2,Cota para Negros,57.305,57.305,57.305,1
2021-2023,1°,1ª,MUSEOLOGIA (BACHARELADO),DARCY RIBEIRO,DIURNO,1,Sistema Universal,-59.957,11.393,-30.12,8
2021-2023,1°,1ª,MUSEOLOGIA (BACHARELADO),DARCY RIBEIRO,DIURNO,2,Cota para Negros,-38.902,-38.902,-38.902,1
2021-2023,1°,1ª,MÚSICA (BACHARELADO)*,DARCY RIBEIRO,DIURNO,1,Sistema Universal,-23.394,-23.394,-23.394,1
2021-2023,1°,1ª,MÚSICA (LICENCIATURA)*,DARCY RIBEIRO,DIURNO,1,Sistema Universal,-41.36,25.412,-7.495,4
2021-2023,1°,1ª,NUTRIÇÃO (BACHARELADO),DARCY RIBEIRO,DIURNO,1,Sistema Universal,66.13,101.845,85.774,7
2021-2023,1°,2ª,NUTRIÇÃO (BACHARELADO),DARCY RIBEIRO,DIURNO,1,Sistema Universal,61.439,65.995,64.243,4
2021-2023,1°,1ª,NUTRIÇÃO (BACHARELADO),DARCY RIBEIRO,DIURNO,2,Cota para Negros,31.75,31.75,31.75,1
2021-2023,1°,2ª,NUTRIÇÃO (BACHARELADO),DARCY RIBEIRO,DIURNO,2,Cota para Negros,17.406,17.406,17.406,1
2021-2023,1°,1ª,ODONTOLOGIA (BACHARELADO),DARCY RIBEIRO,DIURNO,1,Sistema Universal,90.466,104.035,97.873,6
2021-2023,1°,2ª,ODONTOLOGIA (BACHARELADO),DARCY RIBEIRO,DIURNO,1,Sistema Universal,87.346,90.26,88.803,2
2021-2023,1°,1ª,ODONTOLOGIA (BACHARELADO),DARCY RIBEIRO,DIURNO,2,Cota para Negros,34.282,34.282,34.282,1
2021-2023,1°,2ª,ODONTOLOGIA (BACHARELADO),DARCY RIBEIRO,DIURNO,2,Cota para Negros,30.271,30.271,30.271,1
2021-2023,1°,1ª,PEDAGOGIA (LICENCIATURA),DARCY RIBEIRO,DIURNO,1,Sistema Universal,-10.348,60.661,10.484,16
2021-2023,1°,2ª,PEDAGOGIA (LICENCIATURA),DARCY RIBEIRO,DIURNO,1,Sistema Universal,-17.402,-12.238,-14.596,8
2021-2023,1°,1ª,PEDAGOGIA (LICENCIATURA),DARCY RIBEIRO,DIURNO,2,Cota para Negros,0.572,9.731,5.151,2
2021-2023,1°,2ª,PEDAGOGIA (LICENCIATURA),DARCY RIBEIRO,DIURNO,2,Cota para Negros,-15.274,-15.274,-15.274,1
2021-2023,1°,1ª,PEDAGOGIA (LICENCIATURA),DARCY RIBEIRO,NOTURNO,1,Sistema Universal,-59.858,5.534,-32.16,11
2021-2023,1°,2ª,PEDAGOGIA (LICENCIATURA),DARCY RIBEIRO,NOTURNO,1,Sistema Universal,-92.426,-69.015,-77.216,7
2021-2023,1°,1ª,PEDAGOGIA (LICENCIATURA),DARCY RIBEIRO,NOTURNO,2,Cota para Negros,-52.111,-52.111,-52.111,1
2021-2023,1°,1ª,PSICOLOGIA (BACHARELADO / LICENCIATURA / PSICÓLOGO),DARCY RIBEIRO,DIURNO,1,Sistema Universal,73.691,139.15,108.6,11
2021-2023,1°,2ª,PSICOLOGIA (BACHARELADO / LICENCIATURA / PSICÓLOGO),DARCY RIBEIRO,DIURNO,1,Sistema Universal,73.691,96.299,93.121,5
2021-2023,1°,1ª,PSICOLOGIA (BACHARELADO / LICENCIATURA / PSICÓLOGO),DARCY RIBEIRO,DIURNO,2,Cota para Negros,61.64,61.64,61.64,1
2021-2023,1°,1ª,QUÍMICA (BACHARELADO),DARCY RIBEIRO,DIURNO,1,Sistema Universal,34.268,108.78,77.55,8
2021-2023,1°,2ª,QUÍMICA (BACHARELADO),DARCY RIBEIRO,DIURNO,1,Sistema Universal,19.074,30.686,24.856,6
2021-2023,1°,1ª,QUÍMICA (BACHARELADO),DARCY RIBEIRO,DIURNO,2,Cota para Negros,-1.973,-1.973,-1.973,1
2021-2023,1°,1ª,QUÍMICA TECNOLÓGICA (BACHARELADO),DARCY RIBEIRO,DIURNO,1,Sistema Universal,-21.486,53.064,1.323,9
2021-2023,1°,1ª,RELAÇÕES INTERNACIONAIS (BACHARELADO),DARCY RIBEIRO,DIURNO,1,Sistema Universal,92.834,138.473,109.659,11
2021-2023,1°,2ª,RELAÇÕES INTERNACIONAIS (BACHARELADO),DARCY RIBEIRO,DIURNO,1,Sistema Universal,86.919,91.728,89.248,4
2021-2023,1°,1ª,RELAÇÕES INTERNACIONAIS (BACHARELADO),DARCY RIBEIRO,DIURNO,2,Cota para Negros,94.164,94.164,94.164,1
2021-2023,1°,1ª,SAÚDE COLETIVA (BACHARELADO),CEILÂNDIA,DIURNO,1,Sistema Universal,-79.717,25.273,-33.5,16
2021-2023,1°,1ª,SAÚDE COLETIVA (BACHARELADO),CEILÂNDIA,DIURNO,2,Cota para Negros,-39.762,-28.877,-34.32,2
2021-2023,1°,1ª,SAÚDE COLETIVA (BACHARELADO),DARCY RIBEIRO,NOTURNO,1,Sistema Universal,-73.583,-12.104,-41.705,6
2021-2023,1°,1ª,SAÚDE COLETIVA (BACHARELADO),DARCY RIBEIRO,NOTURNO,2,Cota para Negros,-37.506,-37.506,-37.506,1
2021-2023,1°,1ª,SERVIÇO SOCIAL (BACHARELADO),DARCY RIBEIRO,DIURNO,1,Sistema Universal,-26.943,26.034,-5.249,12
2021-2023,1°,2ª,SERVIÇO SOCIAL (BACHARELADO),DARCY RIBEIRO,DIURNO,1,Sistema Universal,-38.817,-32.378,-35.8,3
2021-2023,1°,1ª,SERVIÇO SOCIAL (BACHARELADO),DARCY RIBEIRO,DIURNO,2,Cota para Negros,-22.493,-22.493,-22.493,1
2021-2023,1°,1ª,SERVIÇO SOCIAL (BACHARELADO),DARCY RIBEIRO,NOTURNO,1,Sistema Universal,-69.15,1.997,-25.112,8
2021-2023,1°,1ª,SERVIÇO SOCIAL (BACHARELADO),DARCY RIBEIRO,NOTURNO,2,Cota para Negros,-9.961,-9.961,-9.961,1
2021-2023,1°,1ª,"TEORIA, CRÍTICA E HISTÓRIA DA ARTE (BACHARELADO)",DARCY RIBEIRO,NOTURNO,1,Sistema Universal,-56.171,25.563,-23.839,3
2021-2023,1°,1ª,TERAPIA OCUPACIONAL (BACHARELADO),CEILÂNDIA,DIURNO,1,Sistema Universal,-9.621,42.752,8.334,12
2021-2023,1°,2ª,TERAPIA OCUPACIONAL (BACHARELADO),CEILÂNDIA,DIURNO,1,Sistema Universal,-15.863,-10.012,-12.915,3
2021-2023,1°,1ª,TERAPIA OCUPACIONAL (BACHARELADO),CEILÂNDIA,DIURNO,2,Cota para Negros,8.543,8.543,8.543,1
2021-2023,1°,1ª,TURISMO (BACHARELADO),DARCY RIBEIRO,DIURNO,1,Sistema Universal,-95.121,-32.42,-57.923,6
2021-2023,1°,1ª,TURISMO (BACHARELADO),DARCY RIBEIRO,DIURNO,2,Cota para Negros,-47.957,-47.957,-47.957,1
2021-2023,2°,1ª,ADMINISTRAÇÃO (BACHARELADO),DARCY RIBEIRO,DIURNO,1,Sistema Universal,5.626,26.113,15.66,13
2021-2023,2°,2ª,ADMINISTRAÇÃO (BACHARELADO),DARCY RIBEIRO,DIURNO,1,Sistema Universal,-6.998,5.312,-0.324,9
2021-2023,2°,3ª,ADMINISTRAÇÃO (BACHARELADO),DARCY RIBEIRO,DIURNO,1,Sistema Universal,-12.299,-7.511,-10.206,8
2021-2023,2°,4ª,ADMINISTRAÇÃO (BACHARELADO),DARCY RIBEIRO,DIURNO,1,Sistema Universal,-15.214,-12.39,-13.339,4
2021-2023,2°,5ª,ADMINISTRAÇÃO (BACHARELADO),DARCY RIBEIRO,DIURNO,1,Sistema Universal,-20.512,-15.823,-18.052,5
2021-2023,2°,1ª,ADMINISTRAÇÃO (BACHARELADO),DARCY RIBEIRO,DIURNO,2,Cota para Negros,-10.769,-8.489,-9.629,2
2021-2023,2°,1ª,ADMINISTRAÇÃO (BACHARELADO),DARCY RIBEIRO,NOTURNO,1,Sistema Universal,-88.215,-37.583,-63.105,11
2021-2023,2°,1ª,AGRONOMIA (BACHARELADO),DARCY RIBEIRO,DIURNO,1,Sistema Universal,-100.363,-20.978,-47.32,34
2021-2023,2°,1ª,ARQUITETURA E URBANISMO (BACHARELADO),DARCY RIBEIRO,DIURNO,1,Sistema Universal,69.158,82.385,76.802,9
2021-2023,2°,1ª,ARQUITETURA E URBANISMO (BACHARELADO),DARCY RIBEIRO,DIURNO,2,Cota para Negros,26.517,26.517,26.517,1
2021-2023,2°,2ª,ARQUITETURA E URBANISMO (BACHARELADO),DARCY RIBEIRO,DIURNO,2,Cota para Negros,26.125,26.125,26.125,1
2021-2023,2°,3ª,ARQUITETURA E URBANISMO (BACHARELADO),DARCY RIBEIRO,DIURNO,2,Cota para Negros,13.99,13.99,13.99,1
2021-2023,2°,1ª,ARQUITETURA E URBANISMO (BACHARELADO),DARCY RIBEIRO,NOTURNO,1,Sistema Universal,19.895,53.512,36.855,14
2021-2023,2°,2ª,ARQUITETURA E URBANISMO (BACHARELADO),DARCY RIBEIRO,NOTURNO,1,Sistema Universal,6.657,16.057,12.453,3
2021-2023,2°,1ª,ARTES CÊNICAS - INTERPRETAÇÃO TEATRAL (BACHARELADO),DARCY RIBEIRO,DIURNO,1,Sistema Universal,1.365,4.282,2.824,2
2021-2023,2°,1ª,ARTES VISUAIS (BACHARELADO)*,DARCY RIBEIRO,DIURNO,1,Sistema Universal,-44.725,-23.129,-33.927,2
2021-2023,2°,1ª,ARTES VISUAIS (LICENCIATURA)*,DARCY RIBEIRO,DIURNO,1,Sistema Universal,11.447,38.274,24.339,5
2021-2023,2°,1ª,BIOTECNOLOGIA (BACHARELADO),DARCY RIBEIRO,DIURNO,1,Sistema Universal,33.044,60.319,47.306,17
2021-2023,2°,2ª,BIOTECNOLOGIA (BACHARELADO),DARCY RIBEIRO,DIURNO,1,Sistema Universal,24.733,28.382,27.021,4
2021-2023,2°,3ª,BIOTECNOLOGIA (BACHARELADO),DARCY RIBEIRO,DIURNO,1,Sistema Universal,19.17,23.108,21.139,2
2021-2023,2°,4ª,BIOTECNOLOGIA (BACHARELADO),DARCY RIBEIRO,DIURNO,1,Sistema Universal,11.598,11.645,11.622,2
2021-2023,2°,5ª,BIOTECNOLOGIA (BACHARELADO),DARCY RIBEIRO,DIURNO,1,Sistema Universal,7.918,11.379,9.648,2
2021-2023,2°,1ª,BIOTECNOLOGIA (BACHARELADO),DARCY RIBEIRO,DIURNO,2,Cota para Negros,-5.082,-5.082,-5.082,1
2021-2023,2°,1ª,CIÊNCIA DA COMPUTAÇÃO (BACHARELADO),DARCY RIBEIRO,DIURNO,1,Sistema Universal,129.973,141.414,134.187,9
2021-2023,2°,2ª,CIÊNCIA DA COMPUTAÇÃO (BACHARELADO),DARCY RIBEIRO,DIURNO,1,Sistema Universal,112.318,122.58,117.765,4
2021-2023,2°,3ª,CIÊNCIA DA COMPUTAÇÃO (BACHARELADO),DARCY RIBEIRO,DIURNO,1,Sistema Universal,110.944,110.944,110.944,1
2021-2023,2°,1ª,CIÊNCIA DA COMPUTAÇÃO (BACHARELADO),DARCY RIBEIRO,DIURNO,2,Cota para Negros,84.031,84.031,84.031,1
2021-2023,2°,2ª,CIÊNCIA DA COMPUTAÇÃO (BACHARELADO),DARCY RIBEIRO,DIURNO,2,Cota para Negros,81.917,81.917,81.917,1
2021-2023,2°,3ª,CIÊNCIA DA COMPUTAÇÃO (BACHARELADO),DARCY RIBEIRO,DIURNO,2,Cota para Negros,43.541,43.541,43.541,1
2021-2023,2°,4ª,CIÊNCIA DA COMPUTAÇÃO (BACHARELADO),DARCY RIBEIRO,DIURNO,2,Cota para Negros,24.414,24.414,24.414,1
2021-2023,2°,5ª,CIÊNCIA DA COMPUTAÇÃO (BACHARELADO),DARCY RIBEIRO,DIURNO,2,Cota para Negros,7.963,7.963,7.963,1
2021-2023,2°,1ª,CIÊNCIA POLÍTICA (BACHARELADO),DARCY RIBEIRO,DIURNO,1,Sistema Universal,21.477,46.242,33.767,19
2021-2023,2°,2ª,CIÊNCIA POLÍTICA (BACHARELADO),DARCY RIBEIRO,DIURNO,1,Sistema Universal,14.34,20.625,17.918,5
2021-2023,2°,3ª,CIÊNCIA POLÍTICA (BACHARELADO),DARCY RIBEIRO,DIURNO,1,Sistema Universal,12.233,12.906,12.57,2
2021-2023,2°,4ª,CIÊNCIA POLÍTICA (BACHARELADO),DARCY RIBEIRO,DIURNO,1,Sistema Universal,10.529,10.529,10.529,1
2021-2023,2°,5ª,CIÊNCIA POLÍTICA (BACHARELADO),DARCY RIBEIRO,DIURNO,1,Sistema Universal,10.242,10.242,10.242,1
2021-2023,2°,1ª,CIÊNCIA POLÍTICA (BACHARELADO),DARCY RIBEIRO,DIURNO,2,Cota para Negros,24.029,24.029,24.029,1
2021-2023,2°,1ª,CIÊNCIAS BIOLÓGICAS (BACHARELADO),DARCY RIBEIRO,DIURNO,1,Sistema Universal,58.44,78.168,67.187,9
2021-2023,2°,2ª,CIÊNCIAS BIOLÓGICAS (BACHARELADO),DARCY RIBEIRO,DIURNO,1,Sistema Universal,52.363,55.74,54.508,5
2021-2023,2°,3ª,CIÊNCIAS BIOLÓGICAS (BACHARELADO),DARCY RIBEIRO,DIURNO,1,Sistema Universal,50.493,52.021,51.257,2
2021-2023,2°,1ª,CIÊNCIAS BIOLÓGICAS (BACHARELADO),DARCY RIBEIRO,DIURNO,2,Cota para Negros,-15.855,-15.855,-15.855,1
2021-2023,2°,2ª,CIÊNCIAS BIOLÓGICAS (BACHARELADO),DARCY RIBEIRO,DIURNO,2,Cota para Negros,-19.876,-19.876,-19.876,1
2021-2023,2°,3ª,CIÊNCIAS BIOLÓGICAS (BACHARELADO),DARCY RIBEIRO,DIURNO,2,Cota para Negros,-27.131,-27.131,-27.131,1
2021-2023,2°,4ª,CIÊNCIAS BIOLÓGICAS (BACHARELADO),DARCY RIBEIRO,DIURNO,2,Cota para Negros,-27.783,-27.783,-27.783,1
2021-2023,2°,5ª,CIÊNCIAS BIOLÓGICAS (BACHARELADO),DARCY RIBEIRO,DIURNO,2,Cota para Negros,-34.756,-34.756,-34.756,1
2021-2023,2°,1ª,CIÊNCIAS CONTÁBEIS (BACHARELADO),DARCY RIBEIRO,DIURNO,1,Sistema Universal,-67.47,-6.679,-31.1,19
2021-2023,2°,1ª,CIÊNCIAS ECONÔMICAS (BACHARELADO),DARCY RIBEIRO,DIURNO,1,Sistema Universal,44.45,80.086,65.073,24
2021-2023,2°,2ª,CIÊNCIAS ECONÔMICAS (BACHARELADO),DARCY RIBEIRO,DIURNO,1,Sistema Universal,36.575,44.286,40.438,4
2021-2023,2°,5ª,CIÊNCIAS ECONÔMICAS (BACHARELADO),DARCY RIBEIRO,DIURNO,1,Sistema Universal,35.727,35.727,35.727,1
2021-2023,2°,1ª,CIÊNCIAS ECONÔMICAS (BACHARELADO),DARCY RIBEIRO,DIURNO,2,Cota para Negros,-22.193,-22.193,-22.193,1
2021-2023,2°,1ª,CIÊNCIAS SOCIAIS - ANTROPOLOGIA / SOCIOLOGIA (BACHARELADO/LICENCIATURA),DARCY RIBEIRO,DIURNO,1,Sistema Universal,-65.269,-19.402,-38.417,13
2021-2023,2°,1ª,CIÊNCIAS SOCIAIS - ANTROPOLOGIA / SOCIOLOGIA (BACHARELADO/LICENCIATURA),DARCY RIBEIRO,DIURNO,2,Cota para Negros,-55.743,-6.602,-36.393,3
2021-2023,2°,1ª,COMPUTAÇÃO (LICENCIATURA),DARCY RIBEIRO,NOTURNO,1,Sistema Universal,-94.831,-46.621,-63.942,6
2021-2023,2°,1ª,COMUNICAÇÃO SOCIAL - AUDIOVISUAL (BACHARELADO),DARCY RIBEIRO,DIURNO,1,Sistema Universal,31.693,53.676,41.096,9
2021-2023,2°,2ª,COMUNICAÇÃO SOCIAL - AUDIOVISUAL (BACHARELADO),DARCY RIBEIRO,DIURNO,1,Sistema Universal,17.84,29.385,22.237,4
2021-2023,2°,1ª,COMUNICAÇÃO SOCIAL - AUDIOVISUAL (BACHARELADO),DARCY RIBEIRO,DIURNO,2,Cota para Negros,-4.1,-4.1,-4.1,1
2021-2023,2°,1ª,COMUNICAÇÃO SOCIAL - PUBLICIDADE E PROPAGANDA (BACHARELADO),DARCY RIBEIRO,DIURNO,1,Sistema Universal,53.052,67.666,60.634,4
2021-2023,2°,2ª,COMUNICAÇÃO SOCIAL - PUBLICIDADE E PROPAGANDA (BACHARELADO),DARCY RIBEIRO,DIURNO,1,Sistema Universal,52.618,52.618,52.618,1
2021-2023,2°,1ª,COMUNICAÇÃO SOCIAL - PUBLICIDADE E PROPAGANDA (BACHARELADO),DARCY RIBEIRO,DIURNO,2,Cota para Negros,17.301,17.301,17.301,1
2021-2023,2°,2ª,COMUNICAÇÃO SOCIAL - PUBLICIDADE E PROPAGANDA (BACHARELADO),DARCY RIBEIRO,DIURNO,2,Cota para Negros,2.814,2.814,2.814,1
2021-2023,2°,1ª,DESIGN - PROGRAMAÇÃO VISUAL/PROJETO DO PRODUTO (BACHARELADO),DARCY RIBEIRO,DIURNO,1,Sistema Universal,39.515,52.957,47.672,4
2021-2023,2°,2ª,DESIGN - PROGRAMAÇÃO VISUAL/PROJETO DO PRODUTO (BACHARELADO),DARCY RIBEIRO,DIURNO,1,Sistema Universal,30.918,34.709,33.28,3
2021-2023,2°,3ª,DESIGN - PROGRAMAÇÃO VISUAL/PROJETO DO PRODUTO (BACHARELADO),DARCY RIBEIRO,DIURNO,1,Sistema Universal,28.733,28.733,28.733,1
2021-2023,2°,4ª,DESIGN - PROGRAMAÇÃO VISUAL/PROJETO DO PRODUTO (BACHARELADO),DARCY RIBEIRO,DIURNO,1,Sistema Universal,28.563,28.563,28.563,1
2021-2023,2°,1ª,DESIGN - PROGRAMAÇÃO VISUAL/PROJETO DO PRODUTO (BACHARELADO),DARCY RIBEIRO,DIURNO,2,Cota para Negros,-16.465,-16.465,-16.465,1
2021-2023,2°,1ª,DIREITO (BACHARELADO),DARCY RIBEIRO,DIURNO,1,Sistema Universal,102.637,115.854,111.187,12
2021-2023,2°,2ª,DIREITO (BACHARELADO),DARCY RIBEIRO,DIURNO,1,Sistema Universal,90.22,99.739,96.007,7
2021-2023,2°,3ª,DIREITO (BACHARELADO),DARCY RIBEIRO,DIURNO,1,Sistema Universal,85.158,85.158,85.158,1
2021-2023,2°,1ª,DIREITO (BACHARELADO),DARCY RIBEIRO,DIURNO,2,Cota para Negros,38.7,42.077,40.388,2
2021-2023,2°,1ª,DIREITO (BACHARELADO),DARCY RIBEIRO,NOTURNO,1,Sistema Universal,87.109,100.151,93.029,13
2021-2023,2°,2ª,DIREITO (BACHARELADO),DARCY RIBEIRO,NOTURNO,1,Sistema Universal,85.332,86.343,85.838,2
2021-2023,2°,4ª,DIREITO (BACHARELADO),DARCY RIBEIRO,NOTURNO,1,Sistema Universal,85.037,85.037,85.037,1
2021-2023,2°,5ª,DIREITO (BACHARELADO),DARCY RIBEIRO,NOTURNO,1,Sistema Universal,84.623,84.623,84.623,1
2021-2023,2°,1ª,DIREITO (BACHARELADO),DARCY RIBEIRO,NOTURNO,2,Cota para Negros,47.914,66.202,57.058,2
2021-2023,2°,2ª,DIREITO (BACHARELADO),DARCY RIBEIRO,NOTURNO,2,Cota para Negros,44.917,44.917,44.917,1
2021-2023,2°,1ª,EDUCAÇÃO FÍSICA (BACHARELADO),DARCY RIBEIRO,DIURNO,1,Sistema Universal,-4.793,9.882,1.05,11
2021-2023,2°,2ª,EDUCAÇÃO FÍSICA (BACHARELADO),DARCY RIBEIRO,DIURNO,1,Sistema Universal,-8.087,-5.013,-7.041,3
2021-2023,2°,3ª,EDUCAÇÃO FÍSICA (BACHARELADO),DARCY RIBEIRO,DIURNO,1,Sistema Universal,-11.257,-11.257,-11.257,1
2021-2023,2°,5ª,EDUCAÇÃO FÍSICA (BACHARELADO),DARCY RIBEIRO,DIURNO,1,Sistema Universal,-11.349,-11.349,-11.349,1
2021-2023,2°,1ª,EDUCAÇÃO FÍSICA (LICENCIATURA),DARCY RIBEIRO,DIURNO,1,Sistema Universal,-51.479,-23.948,-39.267,17
2021-2023,2°,2ª,EDUCAÇÃO FÍSICA (LICENCIATURA),DARCY RIBEIRO,DIURNO,1,Sistema Universal,-76.854,-52.604,-63.373,12
2021-2023,2°,3ª,EDUCAÇÃO FÍSICA (LICENCIATURA),DARCY RIBEIRO,DIURNO,1,Sistema Universal,-88.991,-76.917,-83.397,6
2021-2023,2°,1ª,EDUCAÇÃO FÍSICA (LICENCIATURA),DARCY RIBEIRO,DIURNO,2,Cota para Negros,-28.046,-28.046,-28.046,1
2021-2023,2°,1ª,ENFERMAGEM (BACHARELADO),CEILÂNDIA,DIURNO,1,Sistema Universal,20.277,36.588,28.025,11
2021-2023,2°,2ª,ENFERMAGEM (BACHARELADO),CEILÂNDIA,DIURNO,1,Sistema Universal,17.14,19.814,18.596,5
2021-2023,2°,3ª,ENFERMAGEM (BACHARELADO),CEILÂNDIA,DIURNO,1,Sistema Universal,12.956,16.139,14.493,3
2021-2023,2°,4ª,ENFERMAGEM (BACHARELADO),CEILÂNDIA,DIURNO,1,Sistema Universal,10.953,12.366,11.66,2
2021-2023,2°,5ª,ENFERMAGEM (BACHARELADO),CEILÂNDIA,DIURNO,1,Sistema Universal,-6.108,-1.561,-3.663,3
2021-2023,2°,1ª,ENFERMAGEM (BACHARELADO),CEILÂNDIA,DIURNO,2,Cota para Negros,-30.288,-30.288,-30.288,1
2021-2023,2°,1ª,ENFERMAGEM (BACHARELADO),DARCY RIBEIRO,DIURNO,1,Sistema Universal,25.192,44.558,32.464,9
2021-2023,2°,2ª,ENFERMAGEM (BACHARELADO),DARCY RIBEIRO,DIURNO,1,Sistema Universal,17.335,25.057,21.112,4
2021-2023,2°,3ª,ENFERMAGEM (BACHARELADO),DARCY RIBEIRO,DIURNO,1,Sistema Universal,17.036,17.036,17.036,1
2021-2023,2°,1ª,ENFERMAGEM (BACHARELADO),DARCY RIBEIRO,DIURNO,2,Cota para Negros,8.745,8.745,8.745,1
2021-2023,2°,2ª,ENFERMAGEM (BACHARELADO),DARCY RIBEIRO,DIURNO,2,Cota para Negros,0.14,0.14,0.14,1
2021-2023,2°,1ª,ENGENHARIA AMBIENTAL (BACHARELADO),DARCY RIBEIRO,DIURNO,1,Sistema Universal,-79.088,-30.857,-44.426,9
2021-2023,2°,1ª,ENGENHARIA AMBIENTAL (BACHARELADO),DARCY RIBEIRO,DIURNO,2,Cota para Negros,-40.994,-40.994,-40.994,1
2021-2023,2°,1ª,ENGENHARIA CIVIL (BACHARELADO),DARCY RIBEIRO,DIURNO,1,Sistema Universal,7.613,54.918,25.853,19
2021-2023,2°,2ª,ENGENHARIA CIVIL (BACHARELADO),DARCY RIBEIRO,DIURNO,1,Sistema Universal,-2.269,4.221,0.914,4
2021-2023,2°,3ª,ENGENHARIA CIVIL (BACHARELADO),DARCY RIBEIRO,DIURNO,1,Sistema Universal,-2.907,-2.907,-2.907,1
2021-2023,2°,5ª,ENGENHARIA CIVIL (BACHARELADO),DARCY RIBEIRO,DIURNO,1,Sistema Universal,-7.884,-3.109,-5.496,2
2021-2023,2°,1ª,ENGENHARIA DE COMPUTAÇÃO (BACHARELADO),DARCY RIBEIRO,DIURNO,1,Sistema Universal,102.819,112.895,107.985,9
2021-2023,2°,2ª,ENGENHARIA DE COMPUTAÇÃO (BACHARELADO),DARCY RIBEIRO,DIURNO,1,Sistema Universal,97.261,102.398,100.508,3
2021-2023,2°,3ª,ENGENHARIA DE COMPUTAÇÃO (BACHARELADO),DARCY RIBEIRO,DIURNO,1,Sistema Universal,91.375,92.434,91.904,2
2021-2023,2°,1ª,ENGENHARIA DE COMPUTAÇÃO (BACHARELADO),DARCY RIBEIRO,DIURNO,2,Cota para Negros,42.108,42.108,42.108,1
2021-2023,2°,2ª,ENGENHARIA DE COMPUTAÇÃO (BACHARELADO),DARCY RIBEIRO,DIURNO,2,Cota para Negros,8.531,8.531,8.531,1
2021-2023,2°,1ª,ENGENHARIA DE REDES DE COMUNICAÇÃO (BACHARELADO),DARCY RIBEIRO,DIURNO,1,Sistema Universal,-35.357,11.19,-8.116,18
2021-2023,2°,2ª,ENGENHARIA DE REDES DE COMUNICAÇÃO (BACHARELADO),DARCY RIBEIRO,DIURNO,1,Sistema Universal,-48.633,-36.65,-41.349,5
2021-2023,2°,3ª,ENGENHARIA DE REDES DE COMUNICAÇÃO (BACHARELADO),DARCY RIBEIRO,DIURNO,1,Sistema Universal,-52.977,-50.786,-51.882,2
2021-2023,2°,4ª,ENGENHARIA DE REDES DE COMUNICAÇÃO (BACHARELADO),DARCY RIBEIRO,DIURNO,1,Sistema Universal,-67.908,-53.619,-60.764,2
2021-2023,2°,5ª,ENGENHARIA DE REDES DE COMUNICAÇÃO (BACHARELADO),DARCY RIBEIRO,DIURNO,1,Sistema Universal,-72.97,-72.97,-72.97,1
2021-2023,2°,1ª,ENGENHARIA DE REDES DE COMUNICAÇÃO (BACHARELADO),DARCY RIBEIRO,DIURNO,2,Cota para Negros,-25.011,-25.011,-25.011,1
2021-2023,2°,1ª,ENGENHARIA ELÉTRICA (BACHARELADO),DARCY RIBEIRO,DIURNO,1,Sistema Universal,-10.268,80.518,26.401,19
2021-2023,2°,2ª,ENGENHARIA ELÉTRICA (BACHARELADO),DARCY RIBEIRO,DIURNO,1,Sistema Universal,-74.806,-55.505,-64.209,4
2021-2023,2°,1ª,ENGENHARIA MECATRÔNICA - CONTROLE E AUTOMAÇÃO (BACHARELADO),DARCY RIBEIRO,DIURNO,1,Sistema Universal,-34.629,1.537,-17.536,9
2021-2023,2°,1ª,ENGENHARIA MECÂNICA (BACHARELADO),DARCY RIBEIRO,DIURNO,1,Sistema Universal,-18.952,47.096,14.176,19
2021-2023,2°,2ª,ENGENHARIA MECÂNICA (BACHARELADO),DARCY RIBEIRO,DIURNO,1,Sistema Universal,-39.855,-19.059,-29.263,8
2021-2023,2°,1ª,ENGENHARIA MECÂNICA (BACHARELADO),DARCY RIBEIRO,DIURNO,2,Cota para Negros,-10.817,-10.817,-10.817,1
2021-2023,2°,1ª,ENGENHARIA QUÍMICA (BACHARELADO),DARCY RIBEIRO,DIURNO,1,Sistema Universal,-81.964,40.261,0.527,15
2021-2023,2°,1ª,ENGENHARIA QUÍMICA (BACHARELADO),DARCY RIBEIRO,DIURNO,2,Cota para Negros,38.705,38.705,38.705,1
2021-2023,2°,1ª,ENGENHARIAS - AEROESPACIAL / AUTOMOTIVA / ELETRÔNICA / ENERGIA / SOFTWARE (BACHARELADOS)**,GAMA,DIURNO,1,Sistema Universal,25.405,52.485,37.809,84
2021-2023,2°,2ª,ENGENHARIAS - AEROESPACIAL / AUTOMOTIVA / ELETRÔNICA / ENERGIA / SOFTWARE (BACHARELADOS)**,GAMA,DIURNO,1,Sistema Universal,13.046,25.376,18.893,39
2021-2023,2°,3ª,ENGENHARIAS - AEROESPACIAL / AUTOMOTIVA / ELETRÔNICA / ENERGIA / SOFTWARE (BACHARELADOS)**,GAMA,DIURNO,1,Sistema Universal,11.405,12.99,12.112,6
2021-2023,2°,4ª,ENGENHARIAS - AEROESPACIAL / AUTOMOTIVA / ELETRÔNICA / ENERGIA / SOFTWARE (BACHARELADOS)**,GAMA,DIURNO,1,Sistema Universal,10.679,11.327,10.998,3
2021-2023,2°,5ª,ENGENHARIAS - AEROESPACIAL / AUTOMOTIVA / ELETRÔNICA / ENERGIA / SOFTWARE (BACHARELADOS)**,GAMA,DIURNO,1,Sistema Universal,10.083,10.495,10.286,4
2021-2023,2°,1ª,ENGENHARIAS - AEROESPACIAL / AUTOMOTIVA / ELETRÔNICA / ENERGIA / SOFTWARE (BACHARELADOS)**,GAMA,DIURNO,2,Cota para Negros,10.303,28.407,18.261,7
2021-2023,2°,2ª,ENGENHARIAS - AEROESPACIAL / AUTOMOTIVA / ELETRÔNICA / ENERGIA / SOFTWARE (BACHARELADOS)**,GAMA,DIURNO,2,Cota para Negros,4.856,4.856,4.856,1
2021-2023,2°,3ª,ENGENHARIAS - AEROESPACIAL / AUTOMOTIVA / ELETRÔNICA / ENERGIA / SOFTWARE (BACHARELADOS)**,GAMA,DIURNO,2,Cota para Negros,3.78,3.78,3.78,1
2021-2023,2°,4ª,ENGENHARIAS - AEROESPACIAL / AUTOMOTIVA / ELETRÔNICA / ENERGIA / SOFTWARE (BACHARELADOS)**,GAMA,DIURNO,2,Cota para Negros,-0.432,-0.432,-0.432,1
2021-2023,2°,5ª,ENGENHARIAS - AEROESPACIAL / AUTOMOTIVA / ELETRÔNICA / ENERGIA / SOFTWARE (BACHARELADOS)**,GAMA,DIURNO,2,Cota para Negros,-1.699,-1.699,-1.699,1
2021-2023,2°,1ª,ESTATÍSTICA (BACHARELADO),DARCY RIBEIRO,DIURNO,1,Sistema Universal,-40.807,7.906,-13.55,11
2021-2023,2°,1ª,FARMÁCIA (BACHARELADO),CEILÂNDIA,DIURNO,1,Sistema Universal,-24.678,1.418,-11.022,15
2021-2023,2°,2ª,FARMÁCIA (BACHARELADO),CEILÂNDIA,DIURNO,1,Sistema Universal,-45.371,-28.753,-39.882,9
2021-2023,2°,3ª,FARMÁCIA (BACHARELADO),CEILÂNDIA,DIURNO,1,Sistema Universal,-46.761,-43.14,-45.195,3
2021-2023,2°,4ª,FARMÁCIA (BACHARELADO),CEILÂNDIA,DIURNO,1,Sistema Universal,-50.267,-49.024,-49.527,3
2021-2023,2°,5ª,FARMÁCIA (BACHARELADO),CEILÂNDIA,DIURNO,1,Sistema Universal,-50.89,-50.89,-50.89,1
2021-2023,2°,1ª,FARMÁCIA (BACHARELADO),CEILÂNDIA,DIURNO,2,Cota para Negros,-38.08,-38.08,-38.08,1
2021-2023,2°,1ª,FARMÁCIA (BACHARELADO),DARCY RIBEIRO,DIURNO,1,Sistema Universal,43.199,61.155,52.447,9
2021-2023,2°,2ª,FARMÁCIA (BACHARELADO),DARCY RIBEIRO,DIURNO,1,Sistema Universal,27.605,41.879,33.823,4
2021-2023,2°,3ª,FARMÁCIA (BACHARELADO),DARCY RIBEIRO,DIURNO,1,Sistema Universal,27.284,27.284,27.284,1
2021-2023,2°,1ª,FARMÁCIA (BACHARELADO),DARCY RIBEIRO,DIURNO,2,Cota para Negros,8.986,8.986,8.986,1
2021-2023,2°,1ª,FARMÁCIA (BACHARELADO),DARCY RIBEIRO,NOTURNO,1,Sistema Universal,-85.931,-5.27,-49.481,10
2021-2023,2°,1ª,FISIOTERAPIA (BACHARELADO),CEILÂNDIA,DIURNO,1,Sistema Universal,9.722,21.825,15.458,11
2021-2023,2°,2ª,FISIOTERAPIA (BACHARELADO),CEILÂNDIA,DIURNO,1,Sistema Universal,-1.191,8.439,3.792,9
2021-2023,2°,3ª,FISIOTERAPIA (BACHARELADO),CEILÂNDIA,DIURNO,1,Sistema Universal,-3.646,-3.198,-3.422,2
2021-2023,2°,4ª,FISIOTERAPIA (BACHARELADO),CEILÂNDIA,DIURNO,1,Sistema Universal,-4.049,-4.049,-4.049,1
2021-2023,2°,5ª,FISIOTERAPIA (BACHARELADO),CEILÂNDIA,DIURNO,1,Sistema Universal,-4.271,-4.271,-4.271,1
2021-2023,2°,1ª,FISIOTERAPIA (BACHARELADO),CEILÂNDIA,DIURNO,2,Cota para Negros,-24.243,-24.243,-24.243,1
2021-2023,2°,1ª,FONOAUDIOLOGIA (BACHARELADO),CEILÂNDIA,DIURNO,1,Sistema Universal,-18.035,11.061,-2.354,9
2021-2023,2°,2ª,FONOAUDIOLOGIA (BACHARELADO),CEILÂNDIA,DIURNO,1,Sistema Universal,-37.595,-21.235,-30.101,9
2021-2023,2°,3ª,FONOAUDIOLOGIA (BACHARELADO),CEILÂNDIA,DIURNO,1,Sistema Universal,-48.782,-42.029,-45.962,3
2021-2023,2°,4ª,FONOAUDIOLOGIA (BACHARELADO),CEILÂNDIA,DIURNO,1,Sistema Universal,-53.066,-53.066,-53.066,1
2021-2023,2°,5ª,FONOAUDIOLOGIA (BACHARELADO),CEILÂNDIA,DIURNO,1,Sistema Universal,-55.494,-55.494,-55.494,1
2021-2023,2°,1ª,FONOAUDIOLOGIA (BACHARELADO),CEILÂNDIA,DIURNO,2,Cota para Negros,-34.885,-34.885,-34.885,1
2021-2023,2°,1ª,FÍSICA (BACHARELADO),DARCY RIBEIRO,DIURNO,1,Sistema Universal,-55.738,-37.874,-60.489,3
2021-2023,2°,1ª,GESTÃO DE POLÍTICAS PÚBLICAS (BACHARELADO),DARCY RIBEIRO,NOTURNO,1,Sistema Universal,-67.745,-51.05,-59.616,9
2021-2023,2°,1ª,GESTÃO DE POLÍTICAS PÚBLICAS (BACHARELADO),DARCY RIBEIRO,NOTURNO,2,Cota para Negros,-53.524,-53.524,-53.524,1
2021-2023,2°,1ª,HISTÓRIA (BACHARELADO/LICENCIATURA),DARCY RIBEIRO,DIURNO,1,Sistema Universal,7.882,26.487,20.564,9
2021-2023,2°,2ª,HISTÓRIA (BACHARELADO/LICENCIATURA),DARCY RIBEIRO,DIURNO,1,Sistema Universal,1.959,3.985,2.972,2
2021-2023,2°,3ª,HISTÓRIA (BACHARELADO/LICENCIATURA),DARCY RIBEIRO,DIURNO,1,Sistema Universal,1.685,1.685,1.685,1
2021-2023,2°,4ª,HISTÓRIA (BACHARELADO/LICENCIATURA),DARCY RIBEIRO,DIURNO,1,Sistema Universal,0.289,0.289,0.289,1
2021-2023,2°,5ª,HISTÓRIA (BACHARELADO/LICENCIATURA),DARCY RIBEIRO,DIURNO,1,Sistema Universal,-5.739,-5.739,-5.739,1
2021-2023,2°,1ª,HISTÓRIA (BACHARELADO/LICENCIATURA),DARCY RIBEIRO,DIURNO,2,Cota para Negros,-2.413,-2.413,-2.413,1
2021-2023,2°,2ª,HISTÓRIA (BACHARELADO/LICENCIATURA),DARCY RIBEIRO,DIURNO,2,Cota para Negros,-23.77,-23.77,-23.77,1
2021-2023,2°,3ª,HISTÓRIA (BACHARELADO/LICENCIATURA),DARCY RIBEIRO,DIURNO,2,Cota para Negros,-25.535,-25.535,-25.535,1
2021-2023,2°,1ª,JORNALISMO (BACHARELADO),DARCY RIBEIRO,DIURNO,1,Sistema Universal,47.009,52.439,49.284,4
2021-2023,2°,1ª,JORNALISMO (BACHARELADO),DARCY RIBEIRO,DIURNO,2,Cota para Negros,25.561,25.561,25.561,1
2021-2023,2°,1ª,LETRAS - TRADUÇÃO - INGLÊS (BACHARELADO),DARCY RIBEIRO,DIURNO,1,Sistema Universal,-66.268,-32.299,-52.192,6
2021-2023,2°,1ª,LETRAS - TRADUÇÃO - INGLÊS (BACHARELADO),DARCY RIBEIRO,DIURNO,2,Cota para Negros,-37.349,-37.349,-37.349,1
2021-2023,2°,1ª,LICENCIATURA EM ARTES CÊNICAS,DARCY RIBEIRO,DIURNO,1,Sistema Universal,-55.872,-37.271,-44.863,3
2021-2023,2°,1ª,LICENCIATURA EM CIÊNCIAS BIOLÓGICAS,DARCY RIBEIRO,NOTURNO,1,Sistema Universal,-65.371,-39.245,-50.95,4
2021-2023,2°,1ª,LÍNGUA INGLESA E RESPECTIVA LITERATURA (BACHARELADO/LICENCIATURA),DARCY RIBEIRO,DIURNO,1,Sistema Universal,2.394,23.225,7.463,5
2021-2023,2°,2ª,LÍNGUA INGLESA E RESPECTIVA LITERATURA (BACHARELADO/LICENCIATURA),DARCY RIBEIRO,DIURNO,1,Sistema Universal,-19.46,-12.054,-15.757,2
2021-2023,2°,3ª,LÍNGUA INGLESA E RESPECTIVA LITERATURA (BACHARELADO/LICENCIATURA),DARCY RIBEIRO,DIURNO,1,Sistema Universal,-21.023,-19.614,-20.318,2
2021-2023,2°,5ª,LÍNGUA INGLESA E RESPECTIVA LITERATURA (BACHARELADO/LICENCIATURA),DARCY RIBEIRO,DIURNO,1,Sistema Universal,-25.787,-23.714,-24.75,2
2021-2023,2°,1ª,LÍNGUA PORTUGUESA E RESPECTIVA LITERATURA (BACHARELADO/LICENCIATURA),DARCY RIBEIRO,DIURNO,1,Sistema Universal,-21.666,17.112,-6.394,12
2021-2023,2°,2ª,LÍNGUA PORTUGUESA E RESPECTIVA LITERATURA (BACHARELADO/LICENCIATURA),DARCY RIBEIRO,DIURNO,1,Sistema Universal,-51.33,-27.716,-40.028,3
2021-2023,2°,1ª,LÍNGUA PORTUGUESA E RESPECTIVA LITERATURA (BACHARELADO/LICENCIATURA),DARCY RIBEIRO,DIURNO,2,Cota para Negros,-6.498,-6.498,-6.498,1
2021-2023,2°,1ª,MATEMÁTICA (BACHARELADO/LICENCIATURA),DARCY RIBEIRO,DIURNO,1,Sistema Universal,-63.515,-9.985,-31.098,10
2021-2023,2°,1ª,MATEMÁTICA (BACHARELADO/LICENCIATURA),DARCY RIBEIRO,DIURNO,2,Cota para Negros,-16.83,-16.83,-16.83,1
2021-2023,2°,1ª,MEDICINA (BACHARELADO),DARCY RIBEIRO,DIURNO,1,Sistema Universal,158.96,170.679,164.629,9
2021-2023,2°,1ª,MEDICINA (BACHARELADO),DARCY RIBEIRO,DIURNO,2,Cota para Negros,154.551,154.551,154.551,1
2021-2023,2°,1ª,MEDICINA VETERINÁRIA (BACHARELADO),DARCY RIBEIRO,DIURNO,1,Sistema Universal,58.277,68.461,61.664,9
2021-2023,2°,2ª,MEDICINA VETERINÁRIA (BACHARELADO),DARCY RIBEIRO,DIURNO,1,Sistema Universal,49.378,54.555,52.234,4
2021-2023,2°,4ª,MEDICINA VETERINÁRIA (BACHARELADO),DARCY RIBEIRO,DIURNO,1,Sistema Universal,44.382,44.382,44.382,1
2021-2023,2°,5ª,MEDICINA VETERINÁRIA (BACHARELADO),DARCY RIBEIRO,DIURNO,1,Sistema Universal,44.306,44.306,44.306,1
2021-2023,2°,1ª,MEDICINA VETERINÁRIA (BACHARELADO),DARCY RIBEIRO,DIURNO,2,Cota para Negros,44.203,44.203,44.203,1
2021-2023,2°,1ª,NUTRIÇÃO (BACHARELADO),DARCY RIBEIRO,DIURNO,1,Sistema Universal,42.809,55.641,50.679,6
2021-2023,2°,2ª,NUTRIÇÃO (BACHARELADO),DARCY RIBEIRO,DIURNO,1,Sistema Universal,33.432,41.283,36.899,5
2021-2023,2°,3ª,NUTRIÇÃO (BACHARELADO),DARCY RIBEIRO,DIURNO,1,Sistema Universal,29.529,31.16,30.344,2
2021-2023,2°,1ª,NUTRIÇÃO (BACHARELADO),DARCY RIBEIRO,DIURNO,2,Cota para Negros,1.04,1.04,1.04,1
2021-2023,2°,3ª,NUTRIÇÃO (BACHARELADO),DARCY RIBEIRO,DIURNO,2,Cota para Negros,-4.048,-4.048,-4.048,1
2021-2023,2°,4ª,NUTRIÇÃO (BACHARELADO),DARCY RIBEIRO,DIURNO,2,Cota para Negros,-9.196,-9.196,-9.196,1
2021-2023,2°,5ª,NUTRIÇÃO (BACHARELADO),DARCY RIBEIRO,DIURNO,2,Cota para Negros,-39.043,-39.043,-39.043,1
2021-2023,2°,1ª,ODONTOLOGIA (BACHARELADO),DARCY RIBEIRO,DIURNO,1,Sistema Universal,69.924,80.528,73.688,6
2021-2023,2°,2ª,ODONTOLOGIA (BACHARELADO),DARCY RIBEIRO,DIURNO,1,Sistema Universal,60.519,64.451,62.485,2
2021-2023,2°,5ª,ODONTOLOGIA (BACHARELADO),DARCY RIBEIRO,DIURNO,1,Sistema Universal,58.754,58.754,58.754,1
2021-2023,2°,1ª,ODONTOLOGIA (BACHARELADO),DARCY RIBEIRO,DIURNO,2,Cota para Negros,23.391,23.391,23.391,1
2021-2023,2°,5ª,ODONTOLOGIA (BACHARELADO),DARCY RIBEIRO,DIURNO,2,Cota para Negros,-1.986,-1.986,-1.986,1
2021-2023,2°,1ª,PEDAGOGIA (LICENCIATURA),DARCY RIBEIRO,DIURNO,1,Sistema Universal,-37.969,-17.829,-29.735,15
2021-2023,2°,2ª,PEDAGOGIA (LICENCIATURA),DARCY RIBEIRO,DIURNO,1,Sistema Universal,-44.316,-38.563,-41.428,8
2021-2023,2°,3ª,PEDAGOGIA (LICENCIATURA),DARCY RIBEIRO,DIURNO,1,Sistema Universal,-55.253,-46.446,-51.543,8
2021-2023,2°,4ª,PEDAGOGIA (LICENCIATURA),DARCY RIBEIRO,DIURNO,1,Sistema Universal,-64.12,-57.602,-60.474,5
2021-2023,2°,5ª,PEDAGOGIA (LICENCIATURA),DARCY RIBEIRO,DIURNO,1,Sistema Universal,-78.28,-65.358,-71.913,7
2021-2023,2°,1ª,PEDAGOGIA (LICENCIATURA),DARCY RIBEIRO,DIURNO,2,Cota para Negros,-37.544,-35.257,-36.4,2
2021-2023,2°,1ª,PSICOLOGIA (BACHARELADO / LICENCIATURA / PSICÓLOGO),DARCY RIBEIRO,DIURNO,1,Sistema Universal,73.895,110.601,83.155,12
2021-2023,2°,2ª,PSICOLOGIA (BACHARELADO / LICENCIATURA / PSICÓLOGO),DARCY RIBEIRO,DIURNO,1,Sistema Universal,70.698,73.642,71.766,4
2021-2023,2°,3ª,PSICOLOGIA (BACHARELADO / LICENCIATURA / PSICÓLOGO),DARCY RIBEIRO,DIURNO,1,Sistema Universal,64.385,67.715,65.502,3
2021-2023,2°,4ª,PSICOLOGIA (BACHARELADO / LICENCIATURA / PSICÓLOGO),DARCY RIBEIRO,DIURNO,1,Sistema Universal,63.056,63.056,63.056,1
2021-2023,2°,5ª,PSICOLOGIA (BACHARELADO / LICENCIATURA / PSICÓLOGO),DARCY RIBEIRO,DIURNO,1,Sistema Universal,62.542,62.542,62.542,1
2021-2023,2°,1ª,PSICOLOGIA (BACHARELADO / LICENCIATURA / PSICÓLOGO),DARCY RIBEIRO,DIURNO,2,Cota para Negros,58.095,58.095,58.095,1
2021-2023,2°,1ª,QUÍMICA (BACHARELADO),DARCY RIBEIRO,DIURNO,1,Sistema Universal,-4.974,18.948,7.275,14
2021-2023,2°,2ª,QUÍMICA (BACHARELADO),DARCY RIBEIRO,DIURNO,1,Sistema Universal,-51.459,-7.824,-27.829,6
2021-2023,2°,1ª,QUÍMICA (BACHARELADO),DARCY RIBEIRO,DIURNO,2,Cota para Negros,-80.794,-80.794,-80.794,1
2021-2023,2°,1ª,RELAÇÕES INTERNACIONAIS (BACHARELADO),DARCY RIBEIRO,DIURNO,1,Sistema Universal,75.077,86.65,80.32,11
2021-2023,2°,2ª,RELAÇÕES INTERNACIONAIS (BACHARELADO),DARCY RIBEIRO,DIURNO,1,Sistema Universal,72.89,73.723,73.306,2
2021-2023,2°,1ª,RELAÇÕES INTERNACIONAIS (BACHARELADO),DARCY RIBEIRO,DIURNO,2,Cota para Negros,70.941,70.941,70.941,1
2021-2023,2°,1ª,SERVIÇO SOCIAL (BACHARELADO),DARCY RIBEIRO,DIURNO,1,Sistema Universal,-77.837,-41.881,-59.232,5
2021-2023,2°,1ª,TERAPIA OCUPACIONAL (BACHARELADO),CEILÂNDIA,DIURNO,1,Sistema Universal,-52.862,-18.97,-36.754,23
2021-2023,2°,2ª,TERAPIA OCUPACIONAL (BACHARELADO),CEILÂNDIA,DIURNO,1,Sistema Universal,-61.185,-55.92,-58.609,9
2021-2023,2°,3ª,TERAPIA OCUPACIONAL (BACHARELADO),CEILÂNDIA,DIURNO,1,Sistema Universal,-76.34,-62.15,-69.333,6
2021-2023,2°,4ª,TERAPIA OCUPACIONAL (BACHARELADO),CEILÂNDIA,DIURNO,1,Sistema Universal,-83.134,-81.292,-82.213,2
2021-2023,2°,5ª,TERAPIA OCUPACIONAL (BACHARELADO),CEILÂNDIA,DIURNO,1,Sistema Universal,-95.544,-95.544,-95.544,1
2021-2023,2°,1ª,TERAPIA OCUPACIONAL (BACHARELADO),CEILÂNDIA,DIURNO,2,Cota para Negros,-21.15,-21.15,-21.15,1
2022-2024,1°,1ª,ADMINISTRAÇÃO (BACHARELADO),DARCY RIBEIRO,DIURNO,1,Sistema Universal,29.413,89.957,47.197,13
2022-2024,1°,2ª,ADMINISTRAÇÃO (BACHARELADO),DARCY RIBEIRO,DIURNO,1,Sistema Universal,17.176,26.585,20.747,5
2022-2024,1°,3ª,ADMINISTRAÇÃO (BACHARELADO),DARCY RIBEIRO,DIURNO,1,Sistema Universal,14.062,16.925,15.571,3
2022-2024,1°,4ª,ADMINISTRAÇÃO (BACHARELADO),DARCY RIBEIRO,DIURNO,1,Sistema Universal,12.821,13.536,13.098,3
2022-2024,1°,1ª,ADMINISTRAÇÃO (BACHARELADO),DARCY RIBEIRO,DIURNO,2,Cota para Negros,-44.388,-19.79,-32.089,2
2022-2024,1°,1ª,ADMINISTRAÇÃO (BACHARELADO),DARCY RIBEIRO,NOTURNO,1,Sistema Universal,-9.029,56.548,16.859,19
2022-2024,1°,2ª,ADMINISTRAÇÃO (BACHARELADO),DARCY RIBEIRO,NOTURNO,1,Sistema Universal,-30.095,-9.758,-22.258,12
2022-2024,1°,3ª,ADMINISTRAÇÃO (BACHARELADO),DARCY RIBEIRO,NOTURNO,1,Sistema Universal,-34.333,-30.386,-32.205,4
2022-2024,1°,4ª,ADMINISTRAÇÃO (BACHARELADO),DARCY RIBEIRO,NOTURNO,1,Sistema Universal,-38.595,-35.643,-37.119,2
2022-2024,1°,1ª,ADMINISTRAÇÃO (BACHARELADO),DARCY RIBEIRO,NOTURNO,2,Cota para Negros,-13.951,-13.951,-13.951,1
2022-2024,1°,1ª,AGRONOMIA (BACHARELADO),DARCY RIBEIRO,DIURNO,1,Sistema Universal,-3.556,111.678,22.775,24
2022-2024,1°,2ª,AGRONOMIA (BACHARELADO),DARCY RIBEIRO,DIURNO,1,Sistema Universal,-21.054,-3.913,-13.611,11
2022-2024,1°,3ª,AGRONOMIA (BACHARELADO),DARCY RIBEIRO,DIURNO,1,Sistema Universal,-42.089,-25.556,-35.364,7
2022-2024,1°,4ª,AGRONOMIA (BACHARELADO),DARCY RIBEIRO,DIURNO,1,Sistema Universal,-48.862,-45.927,-46.704,4
2022-2024,1°,1ª,AGRONOMIA (BACHARELADO),DARCY RIBEIRO,DIURNO,2,Cota para Negros,-14.135,-14.135,-32.978,2
2022-2024,1°,1ª,ARQUITETURA E URBANISMO (BACHARELADO),DARCY RIBEIRO,DIURNO,1,Sistema Universal,89.171,125.153,102.014,10
2022-2024,1°,2ª,ARQUITETURA E URBANISMO (BACHARELADO),DARCY RIBEIRO,DIURNO,1,Sistema Universal,78.199,87.179,81.303,6
2022-2024,1°,3ª,ARQUITETURA E URBANISMO (BACHARELADO),DARCY RIBEIRO,DIURNO,1,Sistema Universal,78.199,78.199,78.199,1
2022-2024,1°,1ª,ARQUITETURA E URBANISMO (BACHARELADO),DARCY RIBEIRO,DIURNO,2,Cota para Negros,55.164,55.164,55.164,1
2022-2024,1°,1ª,ARQUITETURA E URBANISMO (BACHARELADO),DARCY RIBEIRO,NOTURNO,1,Sistema Universal,36.005,80.178,50.976,6
2022-2024,1°,2ª,ARQUITETURA E URBANISMO (BACHARELADO),DARCY RIBEIRO,NOTURNO,1,Sistema Universal,16.881,33.661,24.628,6
2022-2024,1°,3ª,ARQUITETURA E URBANISMO (BACHARELADO),DARCY RIBEIRO,NOTURNO,1,Sistema Universal,16.573,16.573,16.573,1
2022-2024,1°,1ª,ARQUITETURA E URBANISMO (BACHARELADO),DARCY RIBEIRO,NOTURNO,2,Cota para Negros,31.617,31.617,31.617,1
2022-2024,1°,1ª,ARQUIVOLOGIA (BACHARELADO),DARCY RIBEIRO,NOTURNO,1,Sistema Universal,-51.975,-9.131,-34.818,9
2022-2024,1°,1ª,ARTES CÊNICAS - INTERPRETAÇÃO TEATRAL (BACHARELADO),DARCY RIBEIRO,DIURNO,1,Sistema Universal,49.055,70.599,61.104,3
2022-2024,1°,2ª,ARTES CÊNICAS - INTERPRETAÇÃO TEATRAL (BACHARELADO),DARCY RIBEIRO,DIURNO,1,Sistema Universal,47.418,47.418,47.418,1
2022-2024,1°,1ª,ARTES VISUAIS (BACHARELADO),DARCY RIBEIRO,DIURNO,1,Sistema Universal,15.194,74.696,31.751,7
2022-2024,1°,2ª,ARTES VISUAIS (BACHARELADO)*,DARCY RIBEIRO,DIURNO,1,Sistema Universal,12.612,12.638,12.625,2
2022-2024,1°,1ª,BIBLIOTECONOMIA (BACHARELADO),DARCY RIBEIRO,DIURNO,1,Sistema Universal,-51.958,33.575,-15.682,10
2022-2024,1°,1ª,BIOTECNOLOGIA (BACHARELADO),DARCY RIBEIRO,DIURNO,1,Sistema Universal,70.38,113.585,85.393,8
2022-2024,1°,2ª,BIOTECNOLOGIA (BACHARELADO),DARCY RIBEIRO,DIURNO,1,Sistema Universal,52.431,70.104,59.344,5
2022-2024,1°,3ª,BIOTECNOLOGIA (BACHARELADO),DARCY RIBEIRO,DIURNO,1,Sistema Universal,44.819,48.594,47.092,4
2022-2024,1°,4ª,BIOTECNOLOGIA (BACHARELADO),DARCY RIBEIRO,DIURNO,1,Sistema Universal,30.328,43.081,36.894,4
2022-2024,1°,1ª,BIOTECNOLOGIA (BACHARELADO),DARCY RIBEIRO,DIURNO,2,Cota para Negros,2.898,2.898,2.898,1
2022-2024,1°,1ª,CIÊNCIA DA COMPUTAÇÃO (BACHARELADO),DARCY RIBEIRO,DIURNO,1,Sistema Universal,138.67,151.587,141.524,9
2022-2024,1°,2ª,CIÊNCIA DA COMPUTAÇÃO (BACHARELADO),DARCY RIBEIRO,DIURNO,1,Sistema Universal,132.3,137.04,134.961,4
2022-2024,1°,3ª,CIÊNCIA DA COMPUTAÇÃO (BACHARELADO),DARCY RIBEIRO,DIURNO,1,Sistema Universal,128.153,130.954,129.553,2
2022-2024,1°,4ª,CIÊNCIA DA COMPUTAÇÃO (BACHARELADO),DARCY RIBEIRO,DIURNO,1,Sistema Universal,126.977,126.977,126.977,1
2022-2024,1°,1ª,CIÊNCIA DA COMPUTAÇÃO (BACHARELADO),DARCY RIBEIRO,DIURNO,2,Cota para Negros,97.824,97.824,97.824,1
2022-2024,1°,1ª,CIÊNCIA POLÍTICA (BACHARELADO),DARCY RIBEIRO,DIURNO,1,Sistema Universal,39.67,85.436,58.071,11
2022-2024,1°,2ª,CIÊNCIA POLÍTICA (BACHARELADO),DARCY RIBEIRO,DIURNO,1,Sistema Universal,31.105,37.706,33.806,6
2022-2024,1°,3ª,CIÊNCIA POLÍTICA (BACHARELADO),DARCY RIBEIRO,DIURNO,1,Sistema Universal,29.386,31.067,29.976,3
2022-2024,1°,4ª,CIÊNCIA POLÍTICA (BACHARELADO),DARCY RIBEIRO,DIURNO,1,Sistema Universal,28.82,29.352,29.086,2
2022-2024,1°,1ª,CIÊNCIA POLÍTICA (BACHARELADO),DARCY RIBEIRO,DIURNO,2,Cota para Negros,28.113,28.113,28.113,1
2022-2024,1°,1ª,CIÊNCIAS AMBIENTAIS (BACHARELADO),DARCY RIBEIRO,NOTURNO,1,Sistema Universal,-30.244,60.887,-6.211,8
2022-2024,1°,1ª,CIÊNCIAS BIOLÓGICAS (BACHARELADO),DARCY RIBEIRO,DIURNO,1,Sistema Universal,65.166,109.221,77.763,8
2022-2024,1°,2ª,CIÊNCIAS BIOLÓGICAS (BACHARELADO),DARCY RIBEIRO,DIURNO,1,Sistema Universal,57.494,63.496,61.05,4
2022-2024,1°,1ª,CIÊNCIAS BIOLÓGICAS (BACHARELADO),DARCY RIBEIRO,DIURNO,2,Cota para Negros,-17.702,-17.702,-17.702,1
2022-2024,1°,1ª,CIÊNCIAS CONTÁBEIS (BACHARELADO),DARCY RIBEIRO,DIURNO,1,Sistema Universal,15.826,119.586,40.533,15
2022-2024,1°,2ª,CIÊNCIAS CONTÁBEIS (BACHARELADO),DARCY RIBEIRO,DIURNO,1,Sistema Universal,2.008,12.204,7.156,7
2022-2024,1°,3ª,CIÊNCIAS CONTÁBEIS (BACHARELADO),DARCY RIBEIRO,DIURNO,1,Sistema Universal,-2.483,0.891,-0.514,3
2022-2024,1°,4ª,CIÊNCIAS CONTÁBEIS (BACHARELADO),DARCY RIBEIRO,DIURNO,1,Sistema Universal,-8.459,-8.459,-8.459,1
2022-2024,1°,1ª,CIÊNCIAS CONTÁBEIS (BACHARELADO),DARCY RIBEIRO,DIURNO,2,Cota para Negros,-22.68,-14.145,-18.412,2
2022-2024,1°,1ª,CIÊNCIAS CONTÁBEIS (BACHARELADO),DARCY RIBEIRO,NOTURNO,1,Sistema Universal,-56.592,59.856,-2.092,21
2022-2024,1°,2ª,CIÊNCIAS CONTÁBEIS (BACHARELADO),DARCY RIBEIRO,NOTURNO,1,Sistema Universal,-71.269,-57.171,-63.296,3
2022-2024,1°,1ª,CIÊNCIAS CONTÁBEIS (BACHARELADO),DARCY RIBEIRO,NOTURNO,2,Cota para Negros,-26.793,-26.793,-26.793,1
2022-2024,1°,1ª,CIÊNCIAS ECONÔMICAS (BACHARELADO),DARCY RIBEIRO,DIURNO,1,Sistema Universal,84.016,145.766,101.076,9
2022-2024,1°,2ª,CIÊNCIAS ECONÔMICAS (BACHARELADO),DARCY RIBEIRO,DIURNO,1,Sistema Universal,77.597,81.635,79.668,3
2022-2024,1°,1ª,CIÊNCIAS ECONÔMICAS (BACHARELADO),DARCY RIBEIRO,DIURNO,2,Cota para Negros,71.56,71.56,71.56,1
2022-2024,1°,1ª,CIÊNCIAS NATURAIS (LICENCIATURA),PLANALTINA,DIURNO,1,Sistema Universal,-85.326,34.196,-31.035,10
2022-2024,1°,1ª,CIÊNCIAS SOCIAIS - ANTROPOLOGIA / SOCIOLOGIA (BACHARELADO/LICENCIATURA),DARCY RIBEIRO,DIURNO,1,Sistema Universal,-11.904,83.207,16.869,28
2022-2024,1°,2ª,CIÊNCIAS SOCIAIS - ANTROPOLOGIA / SOCIOLOGIA (BACHARELADO/LICENCIATURA),DARCY RIBEIRO,DIURNO,1,Sistema Universal,-19.076,-12.358,-15.035,4
2022-2024,1°,3ª,CIÊNCIAS SOCIAIS - ANTROPOLOGIA / SOCIOLOGIA (BACHARELADO/LICENCIATURA),DARCY RIBEIRO,DIURNO,1,Sistema Universal,-56.302,-22.302,-42.336,10
2022-2024,1°,4ª,CIÊNCIAS SOCIAIS - ANTROPOLOGIA / SOCIOLOGIA (BACHARELADO/LICENCIATURA),DARCY RIBEIRO,DIURNO,1,Sistema Universal,-71.399,-58.728,-64.493,3
2022-2024,1°,1ª,CIÊNCIAS SOCIAIS - ANTROPOLOGIA / SOCIOLOGIA (BACHARELADO/LICENCIATURA),DARCY RIBEIRO,DIURNO,2,Cota para Negros,-26.702,-26.702,-26.702,1
2022-2024,1°,1ª,COMPUTAÇÃO (LICENCIATURA),DARCY RIBEIRO,NOTURNO,1,Sistema Universal,-20.196,41.108,4.887,13
2022-2024,1°,2ª,COMPUTAÇÃO (LICENCIATURA),DARCY RIBEIRO,NOTURNO,1,Sistema Universal,-29.71,-20.717,-25.3,5
2022-2024,1°,3ª,COMPUTAÇÃO (LICENCIATURA),DARCY RIBEIRO,NOTURNO,1,Sistema Universal,-35.693,-30.183,-32.039,4
2022-2024,1°,4ª,COMPUTAÇÃO (LICENCIATURA),DARCY RIBEIRO,NOTURNO,1,Sistema Universal,-38.084,-36.497,-37.29,2
2022-2024,1°,1ª,COMPUTAÇÃO (LICENCIATURA),DARCY RIBEIRO,NOTURNO,2,Cota para Negros,-27.049,-27.049,-27.049,1
2022-2024,1°,1ª,COMUNICAÇÃO ORGANIZACIONAL (BACHARELADO),DARCY RIBEIRO,NOTURNO,1,Sistema Universal,-8.091,61.044,23.784,16
2022-2024,1°,2ª,COMUNICAÇÃO ORGANIZACIONAL (BACHARELADO),DARCY RIBEIRO,NOTURNO,1,Sistema Universal,-17.417,-8.847,-13.957,3
2022-2024,1°,1ª,COMUNICAÇÃO ORGANIZACIONAL (BACHARELADO),DARCY RIBEIRO,NOTURNO,2,Cota para Negros,16.251,16.251,16.251,1
2022-2024,1°,2ª,COMUNICAÇÃO ORGANIZACIONAL (BACHARELADO),DARCY RIBEIRO,NOTURNO,2,Cota para Negros,-35.041,-35.041,-35.041,1
2022-2024,1°,1ª,COMUNICAÇÃO SOCIAL - AUDIOVISUAL (BACHARELADO),DARCY RIBEIRO,DIURNO,1,Sistema Universal,62.35,82.143,72.758,4
2022-2024,1°,2ª,COMUNICAÇÃO SOCIAL - AUDIOVISUAL (BACHARELADO),DARCY RIBEIRO,DIURNO,1,Sistema Universal,60.588,60.588,60.588,1
2022-2024,1°,3ª,COMUNICAÇÃO SOCIAL - AUDIOVISUAL (BACHARELADO),DARCY RIBEIRO,DIURNO,1,Sistema Universal,59.587,59.587,59.587,1
2022-2024,1°,1ª,COMUNICAÇÃO SOCIAL - AUDIOVISUAL (BACHARELADO),DARCY RIBEIRO,DIURNO,2,Cota para Negros,22.979,22.979,22.979,1
2022-2024,1°,1ª,COMUNICAÇÃO SOCIAL - PUBLICIDADE E PROPAGANDA (BACHARELADO),DARCY RIBEIRO,DIURNO,1,Sistema Universal,82.604,96.261,89.76,4
2022-2024,1°,2ª,COMUNICAÇÃO SOCIAL - PUBLICIDADE E PROPAGANDA (BACHARELADO),DARCY RIBEIRO,DIURNO,1,Sistema Universal,65.284,80.776,71.198,3
2022-2024,1°,1ª,COMUNICAÇÃO SOCIAL - PUBLICIDADE E PROPAGANDA (BACHARELADO),DARCY RIBEIRO,DIURNO,2,Cota para Negros,23.462,23.462,23.462,1
2022-2024,1°,1ª,DESIGN - PROGRAMAÇÃO VISUAL/PROJETO DO PRODUTO (BACHARELADO),DARCY RIBEIRO,DIURNO,1,Sistema Universal,72.977,101.879,85.253,4
2022-2024,1°,1ª,DESIGN - PROGRAMAÇÃO VISUAL/PROJETO DO PRODUTO (BACHARELADO),DARCY RIBEIRO,DIURNO,2,Cota para Negros,42.473,42.473,42.473,1
2022-2024,1°,2ª,DESIGN - PROGRAMAÇÃO VISUAL/PROJETO DO PRODUTO (BACHARELADO),DARCY RIBEIRO,DIURNO,2,Cota para Negros,-60.792,-60.792,-60.792,1
2022-2024,1°,1ª,DIREITO (BACHARELADO),DARCY RIBEIRO,DIURNO,1,Sistema Universal,138.641,196.085,153.335,13
2022-2024,1°,2ª,DIREITO (BACHARELADO),DARCY RIBEIRO,DIURNO,1,Sistema Universal,96.113,131.935,120.486,10
2022-2024,1°,3ª,DIREITO (BACHARELADO),DARCY RIBEIRO,DIURNO,1,Sistema Universal,96.113,120.15,120.15,1
2022-2024,1°,1ª,DIREITO (BACHARELADO),DARCY RIBEIRO,DIURNO,2,Cota para Negros,89.285,98.806,94.046,2
2022-2024,1°,1ª,DIREITO (BACHARELADO),DARCY RIBEIRO,NOTURNO,1,Sistema Universal,89.964,153.724,106.545,12
2022-2024,1°,2ª,DIREITO (BACHARELADO),DARCY RIBEIRO,NOTURNO,1,Sistema Universal,86.284,146.572,102.204,4
2022-2024,1°,3ª,DIREITO (BACHARELADO),DARCY RIBEIRO,NOTURNO,1,Sistema Universal,84.629,85.527,85.078,2
2022-2024,1°,4ª,DIREITO (BACHARELADO),DARCY RIBEIRO,NOTURNO,1,Sistema Universal,84.527,84.527,84.527,1
2022-2024,1°,1ª,DIREITO (BACHARELADO),DARCY RIBEIRO,NOTURNO,2,Cota para Negros,37.743,64.736,51.24,2
2022-2024,1°,1ª,EDUCAÇÃO FÍSICA CICLO BÁSICO (BACHARELADO/LICENCIATURA),DARCY RIBEIRO,DIURNO,1,Sistema Universal,-3.61,59.683,15.091,21
2022-2024,1°,2ª,EDUCAÇÃO FÍSICA CICLO BÁSICO (BACHARELADO/LICENCIATURA),DARCY RIBEIRO,DIURNO,1,Sistema Universal,-7.644,-3.767,-5.047,6
2022-2024,1°,3ª,EDUCAÇÃO FÍSICA CICLO BÁSICO (BACHARELADO/LICENCIATURA),DARCY RIBEIRO,DIURNO,1,Sistema Universal,-10.312,-10.312,-10.312,1
2022-2024,1°,4ª,EDUCAÇÃO FÍSICA CICLO BÁSICO (BACHARELADO/LICENCIATURA),DARCY RIBEIRO,DIURNO,1,Sistema Universal,-13.455,-13.455,-13.455,1
2022-2024,1°,1ª,EDUCAÇÃO FÍSICA CICLO BÁSICO (BACHARELADO/LICENCIATURA),DARCY RIBEIRO,DIURNO,2,Cota para Negros,-8.007,-7.041,-7.524,2
2022-2024,1°,2ª,EDUCAÇÃO FÍSICA CICLO BÁSICO (BACHARELADO/LICENCIATURA),DARCY RIBEIRO,DIURNO,2,Cota para Negros,-20.758,-20.758,-20.758,1
2022-2024,1°,1ª,ENFERMAGEM (BACHARELADO),CEILÂNDIA,DIURNO,1,Sistema Universal,32.503,70.595,47.636,12
2022-2024,1°,2ª,ENFERMAGEM (BACHARELADO),CEILÂNDIA,DIURNO,1,Sistema Universal,16.702,33.656,21.74,7
2022-2024,1°,3ª,ENFERMAGEM (BACHARELADO),CEILÂNDIA,DIURNO,1,Sistema Universal,11.21,14.001,12.634,4
2022-2024,1°,4ª,ENFERMAGEM (BACHARELADO),CEILÂNDIA,DIURNO,1,Sistema Universal,10.069,10.739,10.422,3
2022-2024,1°,1ª,ENFERMAGEM (BACHARELADO),CEILÂNDIA,DIURNO,2,Cota para Negros,-16.7,-16.7,-16.7,1
2022-2024,1°,1ª,ENFERMAGEM (BACHARELADO),DARCY RIBEIRO,DIURNO,1,Sistema Universal,50.713,100.035,66.967,9
2022-2024,1°,2ª,ENFERMAGEM (BACHARELADO),DARCY RIBEIRO,DIURNO,1,Sistema Universal,44.644,47.904,45.958,3
2022-2024,1°,3ª,ENFERMAGEM (BACHARELADO),DARCY RIBEIRO,DIURNO,1,Sistema Universal,37.105,37.953,37.529,2
2022-2024,1°,4ª,ENFERMAGEM (BACHARELADO),DARCY RIBEIRO,DIURNO,1,Sistema Universal,35.644,35.644,35.644,1
2022-2024,1°,1ª,ENFERMAGEM (BACHARELADO),DARCY RIBEIRO,DIURNO,2,Cota para Negros,17.563,17.563,17.563,1
2022-2024,1°,1ª,ENGENHARIA AMBIENTAL (BACHARELADO),DARCY RIBEIRO,DIURNO,1,Sistema Universal,-26.034,74.607,22.54,14
2022-2024,1°,2ª,ENGENHARIA AMBIENTAL (BACHARELADO),DARCY RIBEIRO,DIURNO,1,Sistema Universal,-59.99,-31.057,-45.318,3
2022-2024,1°,1ª,ENGENHARIA CIVIL (BACHARELADO),DARCY RIBEIRO,DIURNO,1,Sistema Universal,87.582,133.403,105.237,9
2022-2024,1°,2ª,ENGENHARIA CIVIL (BACHARELADO),DARCY RIBEIRO,DIURNO,1,Sistema Universal,72.16,87.389,81.479,5
2022-2024,1°,3ª,ENGENHARIA CIVIL (BACHARELADO),DARCY RIBEIRO,DIURNO,1,Sistema Universal,64.206,64.206,64.206,1
2022-2024,1°,1ª,ENGENHARIA CIVIL (BACHARELADO),DARCY RIBEIRO,DIURNO,2,Cota para Negros,34.165,34.165,34.165,1
2022-2024,1°,1ª,ENGENHARIA DE COMPUTAÇÃO (BACHARELADO),DARCY RIBEIRO,DIURNO,1,Sistema Universal,119.931,148.865,131.29,9
2022-2024,1°,2ª,ENGENHARIA DE COMPUTAÇÃO (BACHARELADO),DARCY RIBEIRO,DIURNO,1,Sistema Universal,117.303,117.303,117.303,1
2022-2024,1°,1ª,ENGENHARIA DE COMPUTAÇÃO (BACHARELADO),DARCY RIBEIRO,DIURNO,2,Cota para Negros,119.763,119.763,119.763,1
2022-2024,1°,2ª,ENGENHARIA DE COMPUTAÇÃO (BACHARELADO),DARCY RIBEIRO,DIURNO,2,Cota para Negros,65.148,65.148,65.148,1
2022-2024,1°,3ª,ENGENHARIA DE COMPUTAÇÃO (BACHARELADO),DARCY RIBEIRO,DIURNO,2,Cota para Negros,54.328,54.328,54.328,1
2022-2024,1°,1ª,ENGENHARIA DE PRODUÇÃO (BACHARELADO),DARCY RIBEIRO,NOTURNO,1,Sistema Universal,56.781,141.026,82.505,17
2022-2024,1°,2ª,ENGENHARIA DE PRODUÇÃO (BACHARELADO),DARCY RIBEIRO,NOTURNO,1,Sistema Universal,29.562,55.162,42.408,12
2022-2024,1°,3ª,ENGENHARIA DE PRODUÇÃO (BACHARELADO),DARCY RIBEIRO,NOTURNO,1,Sistema Universal,21.687,27.258,24.472,2
2022-2024,1°,4ª,ENGENHARIA DE PRODUÇÃO (BACHARELADO),DARCY RIBEIRO,NOTURNO,1,Sistema Universal,20.292,20.292,20.292,1
2022-2024,1°,1ª,ENGENHARIA DE PRODUÇÃO (BACHARELADO),DARCY RIBEIRO,NOTURNO,2,Cota para Negros,-68.639,-68.639,-68.639,1
2022-2024,1°,1ª,ENGENHARIA DE REDES DE COMUNICAÇÃO (BACHARELADO),DARCY RIBEIRO,DIURNO,1,Sistema Universal,28.074,78.371,49.953,15
2022-2024,1°,2ª,ENGENHARIA DE REDES DE COMUNICAÇÃO (BACHARELADO),DARCY RIBEIRO,DIURNO,1,Sistema Universal,20.145,26.234,23.079,4
2022-2024,1°,3ª,ENGENHARIA DE REDES DE COMUNICAÇÃO (BACHARELADO),DARCY RIBEIRO,DIURNO,1,Sistema Universal,15.045,20.074,17.56,2
2022-2024,1°,4ª,ENGENHARIA DE REDES DE COMUNICAÇÃO (BACHARELADO),DARCY RIBEIRO,DIURNO,1,Sistema Universal,5.876,5.876,5.876,1
2022-2024,1°,1ª,ENGENHARIA ELÉTRICA (BACHARELADO),DARCY RIBEIRO,DIURNO,1,Sistema Universal,70.352,199.246,103.837,14
2022-2024,1°,2ª,ENGENHARIA ELÉTRICA (BACHARELADO),DARCY RIBEIRO,DIURNO,1,Sistema Universal,51.232,68.545,59.258,4
2022-2024,1°,3ª,ENGENHARIA ELÉTRICA (BACHARELADO),DARCY RIBEIRO,DIURNO,1,Sistema Universal,22.577,50.417,37.133,5
2022-2024,1°,4ª,ENGENHARIA ELÉTRICA (BACHARELADO),DARCY RIBEIRO,DIURNO,1,Sistema Universal,9.882,16.58,13.231,2
2022-2024,1°,1ª,ENGENHARIA ELÉTRICA (BACHARELADO),DARCY RIBEIRO,DIURNO,2,Cota para Negros,29.364,29.364,29.364,1
2022-2024,1°,1ª,ENGENHARIA FLORESTAL (BACHARELADO),DARCY RIBEIRO,DIURNO,1,Sistema Universal,-75.402,37.86,-18.15,17
2022-2024,1°,1ª,ENGENHARIA MECATRÔNICA - CONTROLE E AUTOMAÇÃO (BACHARELADO),DARCY RIBEIRO,DIURNO,1,Sistema Universal,71.312,130.743,103.989,9
2022-2024,1°,2ª,ENGENHARIA MECATRÔNICA - CONTROLE E AUTOMAÇÃO (BACHARELADO),DARCY RIBEIRO,DIURNO,1,Sistema Universal,57.214,69.926,63.111,7
2022-2024,1°,3ª,ENGENHARIA MECATRÔNICA - CONTROLE E AUTOMAÇÃO (BACHARELADO),DARCY RIBEIRO,DIURNO,1,Sistema Universal,44.286,51.314,47.868,4
2022-2024,1°,4ª,ENGENHARIA MECATRÔNICA - CONTROLE E AUTOMAÇÃO (BACHARELADO),DARCY RIBEIRO,DIURNO,1,Sistema Universal,38.467,38.467,38.467,1
2022-2024,1°,1ª,ENGENHARIA MECATRÔNICA - CONTROLE E AUTOMAÇÃO (BACHARELADO),DARCY RIBEIRO,DIURNO,2,Cota para Negros,-26.04,-26.04,-26.04,1
2022-2024,1°,1ª,ENGENHARIA MECÂNICA (BACHARELADO),DARCY RIBEIRO,DIURNO,1,Sistema Universal,65.792,152.292,94.5,13
2022-2024,1°,2ª,ENGENHARIA MECÂNICA (BACHARELADO),DARCY RIBEIRO,DIURNO,1,Sistema Universal,38.131,57.751,51.379,8
2022-2024,1°,3ª,ENGENHARIA MECÂNICA (BACHARELADO),DARCY RIBEIRO,DIURNO,1,Sistema Universal,31.885,35.288,33.984,4
2022-2024,1°,4ª,ENGENHARIA MECÂNICA (BACHARELADO),DARCY RIBEIRO,DIURNO,1,Sistema Universal,29.195,29.195,29.195,1
2022-2024,1°,1ª,ENGENHARIA MECÂNICA (BACHARELADO),DARCY RIBEIRO,DIURNO,2,Cota para Negros,7.235,7.235,7.235,1
2022-2024,1°,1ª,ENGENHARIA QUÍMICA (BACHARELADO),DARCY RIBEIRO,DIURNO,1,Sistema Universal,40.266,132.643,76.92,13
2022-2024,1°,2ª,ENGENHARIA QUÍMICA (BACHARELADO),DARCY RIBEIRO,DIURNO,1,Sistema Universal,31.987,58.748,45.275,6
2022-2024,1°,3ª,ENGENHARIA QUÍMICA (BACHARELADO),DARCY RIBEIRO,DIURNO,1,Sistema Universal,14.45,30.643,20.581,8
2022-2024,1°,4ª,ENGENHARIA QUÍMICA (BACHARELADO),DARCY RIBEIRO,DIURNO,1,Sistema Universal,-2.839,10.721,3.427,4
2022-2024,1°,1ª,ENGENHARIAS - AEROESPACIAL / AUTOMOTIVA / ELETRÔNICA / ENERGIA / SOFTWARE (BACHARELADOS)**,GAMA,DIURNO,1,Sistema Universal,63.568,126.005,86.63,64
2022-2024,1°,2ª,ENGENHARIAS - AEROESPACIAL / AUTOMOTIVA / ELETRÔNICA / ENERGIA / SOFTWARE (BACHARELADOS)**,GAMA,DIURNO,1,Sistema Universal,54.953,63.481,58.895,25
2022-2024,1°,3ª,ENGENHARIAS - AEROESPACIAL / AUTOMOTIVA / ELETRÔNICA / ENERGIA / SOFTWARE (BACHARELADOS)**,GAMA,DIURNO,1,Sistema Universal,52.611,54.887,53.698,10
2022-2024,1°,4ª,ENGENHARIAS - AEROESPACIAL / AUTOMOTIVA / ELETRÔNICA / ENERGIA / SOFTWARE (BACHARELADOS)**,GAMA,DIURNO,1,Sistema Universal,51.901,52.209,52.039,5
2022-2024,1°,1ª,ENGENHARIAS - AEROESPACIAL / AUTOMOTIVA / ELETRÔNICA / ENERGIA / SOFTWARE (BACHARELADOS)**,GAMA,DIURNO,2,Cota para Negros,23.191,58.549,40.993,7
2022-2024,1°,2ª,ENGENHARIAS - AEROESPACIAL / AUTOMOTIVA / ELETRÔNICA / ENERGIA / SOFTWARE (BACHARELADOS)**,GAMA,DIURNO,2,Cota para Negros,18.926,21.625,20.276,2
2022-2024,1°,1ª,ESTATÍSTICA (BACHARELADO),DARCY RIBEIRO,DIURNO,1,Sistema Universal,24.246,102.218,69.04,18
2022-2024,1°,2ª,ESTATÍSTICA (BACHARELADO),DARCY RIBEIRO,DIURNO,1,Sistema Universal,5.986,22.686,16.415,7
2022-2024,1°,3ª,ESTATÍSTICA (BACHARELADO),DARCY RIBEIRO,DIURNO,1,Sistema Universal,5.611,5.611,5.611,1
2022-2024,1°,1ª,ESTATÍSTICA (BACHARELADO),DARCY RIBEIRO,DIURNO,2,Cota para Negros,-55.63,-55.63,-55.63,1
2022-2024,1°,1ª,FARMÁCIA (BACHARELADO),CEILÂNDIA,DIURNO,1,Sistema Universal,16.778,40.856,27.503,11
2022-2024,1°,2ª,FARMÁCIA (BACHARELADO),CEILÂNDIA,DIURNO,1,Sistema Universal,15.445,16.191,15.818,2
2022-2024,1°,1ª,FARMÁCIA (BACHARELADO),CEILÂNDIA,DIURNO,2,Cota para Negros,-1.896,-1.896,-1.896,1
2022-2024,1°,2ª,FARMÁCIA (BACHARELADO),CEILÂNDIA,DIURNO,2,Cota para Negros,-34.266,-34.266,-34.266,1
2022-2024,1°,1ª,FARMÁCIA (BACHARELADO),DARCY RIBEIRO,DIURNO,1,Sistema Universal,80.371,108.318,87.546,9
2022-2024,1°,2ª,FARMÁCIA (BACHARELADO),DARCY RIBEIRO,DIURNO,1,Sistema Universal,75.983,79.586,78.247,3
2022-2024,1°,3ª,FARMÁCIA (BACHARELADO),DARCY RIBEIRO,DIURNO,1,Sistema Universal,61.422,66.765,64.094,2
2022-2024,1°,4ª,FARMÁCIA (BACHARELADO),DARCY RIBEIRO,DIURNO,1,Sistema Universal,45.85,52.234,49.042,2
2022-2024,1°,1ª,FARMÁCIA (BACHARELADO),DARCY RIBEIRO,DIURNO,2,Cota para Negros,-30.919,-30.919,-30.919,1
2022-2024,1°,1ª,FARMÁCIA (BACHARELADO),DARCY RIBEIRO,NOTURNO,1,Sistema Universal,-1.209,26.779,17.087,6
2022-2024,1°,2ª,FARMÁCIA (BACHARELADO),DARCY RIBEIRO,NOTURNO,1,Sistema Universal,-4.457,-4.457,-4.457,1
2022-2024,1°,3ª,FARMÁCIA (BACHARELADO),DARCY RIBEIRO,NOTURNO,1,Sistema Universal,-6.952,-6.952,-6.952,1
2022-2024,1°,1ª,FARMÁCIA (BACHARELADO),DARCY RIBEIRO,NOTURNO,2,Cota para Negros,-39.925,-39.925,-39.925,1
2022-2024,1°,1ª,FILOSOFIA (BACHARELADO/LICENCIATURA),DARCY RIBEIRO,DIURNO,1,Sistema Universal,-44.994,42.937,-6.465,13
2022-2024,1°,1ª,FILOSOFIA (LICENCIATURA),DARCY RIBEIRO,NOTURNO,1,Sistema Universal,-40.435,-34.35,-37.392,2
2022-2024,1°,1ª,FISIOTERAPIA (BACHARELADO),CEILÂNDIA,DIURNO,1,Sistema Universal,35.439,66.742,49.756,11
2022-2024,1°,2ª,FISIOTERAPIA (BACHARELADO),CEILÂNDIA,DIURNO,1,Sistema Universal,22.004,34.87,27.797,8
2022-2024,1°,3ª,FISIOTERAPIA (BACHARELADO),CEILÂNDIA,DIURNO,1,Sistema Universal,21.525,21.525,21.525,1
2022-2024,1°,1ª,FISIOTERAPIA (BACHARELADO),CEILÂNDIA,DIURNO,2,Cota para Negros,33.268,33.268,33.268,1
2022-2024,1°,1ª,FONOAUDIOLOGIA (BACHARELADO),CEILÂNDIA,DIURNO,1,Sistema Universal,3.057,51.189,22.112,8
2022-2024,1°,2ª,FONOAUDIOLOGIA (BACHARELADO),CEILÂNDIA,DIURNO,1,Sistema Universal,0.739,0.739,0.739,1
2022-2024,1°,1ª,FONOAUDIOLOGIA (BACHARELADO),CEILÂNDIA,DIURNO,2,Cota para Negros,-48.382,-48.382,-48.382,1
2022-2024,1°,1ª,FÍSICA (BACHARELADO),DARCY RIBEIRO,DIURNO,1,Sistema Universal,48.848,163.906,84.731,12
2022-2024,1°,2ª,FÍSICA (BACHARELADO),DARCY RIBEIRO,DIURNO,1,Sistema Universal,-30.379,35.651,2.287,11
2022-2024,1°,3ª,FÍSICA (BACHARELADO),DARCY RIBEIRO,DIURNO,1,Sistema Universal,-36.215,-36.215,-51.406,2
2022-2024,1°,1ª,GEOFÍSICA (BACHARELADO),DARCY RIBEIRO,DIURNO,1,Sistema Universal,-42.883,41.236,1.242,4
2022-2024,1°,1ª,GEOGRAFIA (BACHARELADO/LICENCIATURA),DARCY RIBEIRO,DIURNO,1,Sistema Universal,-81.814,30.578,-34.359,10
2022-2024,1°,1ª,GEOLOGIA (BACHARELADO),DARCY RIBEIRO,DIURNO,1,Sistema Universal,-61.349,71.897,-1.126,9
2022-2024,1°,1ª,GESTÃO AMBIENTAL (BACHARELADO),PLANALTINA,NOTURNO,1,Sistema Universal,-39.971,-39.971,-39.971,1
2022-2024,1°,1ª,GESTÃO DE AGRONEGÓCIO (BACHARELADO),DARCY RIBEIRO,NOTURNO,1,Sistema Universal,-85.768,-32.886,-58.409,3
2022-2024,1°,1ª,GESTÃO DE POLÍTICAS PÚBLICAS (BACHARELADO),DARCY RIBEIRO,NOTURNO,1,Sistema Universal,-44.94,36.637,-13.507,18
2022-2024,1°,2ª,GESTÃO DE POLÍTICAS PÚBLICAS (BACHARELADO),DARCY RIBEIRO,NOTURNO,1,Sistema Universal,-67.945,-51.086,-60.587,6
2022-2024,1°,3ª,GESTÃO DE POLÍTICAS PÚBLICAS (BACHARELADO),DARCY RIBEIRO,NOTURNO,1,Sistema Universal,-85.509,-85.509,-85.509,1
2022-2024,1°,1ª,GESTÃO DE POLÍTICAS PÚBLICAS (BACHARELADO),DARCY RIBEIRO,NOTURNO,2,Cota para Negros,-42.308,-42.308,-42.308,1
2022-2024,1°,1ª,GESTÃO DO AGRONEGÓCIO (BACHARELADO),PLANALTINA,DIURNO,1,Sistema Universal,-76.2,-6.311,-41.661,5
2022-2024,1°,1ª,HISTÓRIA (BACHARELADO/LICENCIATURA),DARCY RIBEIRO,DIURNO,1,Sistema Universal,34.129,140.922,68.472,9
2022-2024,1°,2ª,HISTÓRIA (BACHARELADO/LICENCIATURA),DARCY RIBEIRO,DIURNO,1,Sistema Universal,27.512,33.839,30.594,4
2022-2024,1°,4ª,HISTÓRIA (BACHARELADO/LICENCIATURA),DARCY RIBEIRO,DIURNO,1,Sistema Universal,26.142,26.142,26.142,1
2022-2024,1°,1ª,HISTÓRIA (BACHARELADO/LICENCIATURA),DARCY RIBEIRO,DIURNO,2,Cota para Negros,-5.099,-5.099,-5.099,1
2022-2024,1°,1ª,HISTÓRIA (LICENCIATURA),DARCY RIBEIRO,NOTURNO,1,Sistema Universal,-47.147,33.63,-10.636,14
2022-2024,1°,2ª,HISTÓRIA (LICENCIATURA),DARCY RIBEIRO,NOTURNO,1,Sistema Universal,-48.927,-48.421,-48.674,2
2022-2024,1°,1ª,JORNALISMO (BACHARELADO),DARCY RIBEIRO,DIURNO,1,Sistema Universal,94.814,108.42,100.125,3
2022-2024,1°,2ª,JORNALISMO (BACHARELADO),DARCY RIBEIRO,DIURNO,1,Sistema Universal,81.921,85.881,83.901,2
2022-2024,1°,1ª,JORNALISMO (BACHARELADO),DARCY RIBEIRO,DIURNO,2,Cota para Negros,21.463,21.463,21.463,1
2022-2024,1°,1ª,LETRAS - PORTUGUÊS DO BRASIL COMO SEGUNDA LÍNGUA (LICENCIATURA),DARCY RIBEIRO,DIURNO,1,Sistema Universal,-53.249,14.479,-30.437,12
2022-2024,1°,2ª,LETRAS - PORTUGUÊS DO BRASIL COMO SEGUNDA LÍNGUA (LICENCIATURA),DARCY RIBEIRO,DIURNO,1,Sistema Universal,-78.663,-57.467,-70.038,4
2022-2024,1°,1ª,LETRAS - PORTUGUÊS DO BRASIL COMO SEGUNDA LÍNGUA (LICENCIATURA),DARCY RIBEIRO,DIURNO,2,Cota para Negros,-35.223,-35.223,-35.223,1
2022-2024,1°,1ª,LETRAS - TRADUÇÃO - INGLÊS (BACHARELADO),DARCY RIBEIRO,DIURNO,1,Sistema Universal,26.059,89.789,50.415,4
2022-2024,1°,2ª,LETRAS - TRADUÇÃO - INGLÊS (BACHARELADO),DARCY RIBEIRO,DIURNO,1,Sistema Universal,-13.463,-13.463,-13.463,1
2022-2024,1°,1ª,LICENCIATURA EM ARTES CÊNICAS,DARCY RIBEIRO,DIURNO,1,Sistema Universal,-46.659,51.082,-10.113,3
2022-2024,1°,1ª,LICENCIATURA EM ARTES CÊNICAS,DARCY RIBEIRO,NOTURNO,1,Sistema Universal,-71.458,-30.454,-47.983,4
2022-2024,1°,1ª,LICENCIATURA EM CIÊNCIAS BIOLÓGICAS,DARCY RIBEIRO,NOTURNO,1,Sistema Universal,-71.592,67.748,-3.354,17
2022-2024,1°,1ª,LICENCIATURA EM FÍSICA,DARCY RIBEIRO,NOTURNO,1,Sistema Universal,13.766,64.091,21.174,5
2022-2024,1°,1ª,LICENCIATURA EM MATEMÁTICA,DARCY RIBEIRO,NOTURNO,1,Sistema Universal,-27.51,49.027,-1.249,3
2022-2024,1°,1ª,LICENCIATURA EM QUÍMICA,DARCY RIBEIRO,NOTURNO,1,Sistema Universal,-20.381,11.669,-17.368,4
2022-2024,1°,1ª,LÍNGUA ESPANHOLA E LITERATURA ESPANHOLA E HISPANO-AMERICANA (LICENCIATURA),DARCY RIBEIRO,NOTURNO,1,Sistema Universal,-58.017,-53.389,-55.703,2
2022-2024,1°,1ª,LÍNGUA ESTRANGEIRA APLICADA - MULTILINGUISMO E SOCIEDADE DA INFORMAÇÃO (BACHARELADO),DARCY RIBEIRO,DIURNO,1,Sistema Universal,-78.889,50.122,-17.494,11
2022-2024,1°,1ª,LÍNGUA FRANCESA E RESPECTIVA LITERATURA (BACHARELADO/LICENCIATURA),DARCY RIBEIRO,DIURNO,1,Sistema Universal,-66.315,-57.237,-61.776,2
2022-2024,1°,1ª,LÍNGUA INGLESA E RESPECTIVA LITERATURA (BACHARELADO/LICENCIATURA),DARCY RIBEIRO,DIURNO,1,Sistema Universal,12.131,53.836,26.722,4
2022-2024,1°,1ª,LÍNGUA INGLESA E RESPECTIVA LITERATURA (BACHARELADO/LICENCIATURA),DARCY RIBEIRO,DIURNO,2,Cota para Negros,-30.435,-30.435,-30.435,1
2022-2024,1°,1ª,LÍNGUA PORTUGUESA E RESPECTIVA LITERATURA (BACHARELADO/LICENCIATURA),DARCY RIBEIRO,DIURNO,1,Sistema Universal,23.233,70.605,47.959,6
2022-2024,1°,2ª,LÍNGUA PORTUGUESA E RESPECTIVA LITERATURA (BACHARELADO/LICENCIATURA),DARCY RIBEIRO,DIURNO,1,Sistema Universal,8.088,21.582,16.414,3
2022-2024,1°,3ª,LÍNGUA PORTUGUESA E RESPECTIVA LITERATURA (BACHARELADO/LICENCIATURA),DARCY RIBEIRO,DIURNO,1,Sistema Universal,-3.776,8.063,2.144,2
2022-2024,1°,4ª,LÍNGUA PORTUGUESA E RESPECTIVA LITERATURA (BACHARELADO/LICENCIATURA),DARCY RIBEIRO,DIURNO,1,Sistema Universal,-4.089,-4.089,-4.089,1
2022-2024,1°,1ª,LÍNGUA PORTUGUESA E RESPECTIVA LITERATURA (BACHARELADO/LICENCIATURA),DARCY RIBEIRO,DIURNO,2,Cota para Negros,4.05,4.05,4.05,1
2022-2024,1°,2ª,LÍNGUA PORTUGUESA E RESPECTIVA LITERATURA (BACHARELADO/LICENCIATURA),DARCY RIBEIRO,DIURNO,2,Cota para Negros,-51.713,-51.713,-51.713,1
2022-2024,1°,1ª,LÍNGUA PORTUGUESA E RESPECTIVA LITERATURA (LICENCIATURA),DARCY RIBEIRO,NOTURNO,1,Sistema Universal,-48.148,-20.068,-33.758,6
2022-2024,1°,1ª,MATEMÁTICA (BACHARELADO/LICENCIATURA),DARCY RIBEIRO,DIURNO,1,Sistema Universal,26.433,98.631,61.827,8
2022-2024,1°,2ª,MATEMÁTICA (BACHARELADO/LICENCIATURA),DARCY RIBEIRO,DIURNO,1,Sistema Universal,21.127,25.814,22.935,3
2022-2024,1°,3ª,MATEMÁTICA (BACHARELADO/LICENCIATURA),DARCY RIBEIRO,DIURNO,1,Sistema Universal,18.046,18.046,18.046,1
2022-2024,1°,4ª,MATEMÁTICA (BACHARELADO/LICENCIATURA),DARCY RIBEIRO,DIURNO,1,Sistema Universal,17.719,17.719,17.719,1
2022-2024,1°,1ª,MEDICINA (BACHARELADO),DARCY RIBEIRO,DIURNO,1,Sistema Universal,174.53,185.491,175.032,10
2022-2024,1°,2ª,MEDICINA (BACHARELADO),DARCY RIBEIRO,DIURNO,1,Sistema Universal,174.435,174.435,174.435,1
2022-2024,1°,1ª,MEDICINA (BACHARELADO),DARCY RIBEIRO,DIURNO,2,Cota para Negros,142.178,150.057,146.118,2
2022-2024,1°,1ª,MEDICINA VETERINÁRIA (BACHARELADO),DARCY RIBEIRO,DIURNO,1,Sistema Universal,75.838,91.945,84.859,9
2022-2024,1°,2ª,MEDICINA VETERINÁRIA (BACHARELADO),DARCY RIBEIRO,DIURNO,1,Sistema Universal,70.027,72.518,71.279,3
2022-2024,1°,3ª,MEDICINA VETERINÁRIA (BACHARELADO),DARCY RIBEIRO,DIURNO,1,Sistema Universal,66.363,69.873,68.118,2
2022-2024,1°,1ª,MEDICINA VETERINÁRIA (BACHARELADO),DARCY RIBEIRO,DIURNO,2,Cota para Negros,53.734,53.734,53.734,1
2022-2024,1°,1ª,MUSEOLOGIA (BACHARELADO),DARCY RIBEIRO,DIURNO,1,Sistema Universal,-61.582,-45.25,-53.416,2
2022-2024,1°,1ª,MÚSICA (LICENCIATURA)*,DARCY RIBEIRO,DIURNO,1,Sistema Universal,-21.906,78.393,10.318,4
2022-2024,1°,1ª,NUTRIÇÃO (BACHARELADO),DARCY RIBEIRO,DIURNO,1,Sistema Universal,65.465,87.953,73.522,7
2022-2024,1°,2ª,NUTRIÇÃO (BACHARELADO),DARCY RIBEIRO,DIURNO,1,Sistema Universal,64.153,65.173,64.663,2
2022-2024,1°,3ª,NUTRIÇÃO (BACHARELADO),DARCY RIBEIRO,DIURNO,1,Sistema Universal,58.593,59.101,58.847,2
2022-2024,1°,4ª,NUTRIÇÃO (BACHARELADO),DARCY RIBEIRO,DIURNO,1,Sistema Universal,58.199,58.199,58.199,1
2022-2024,1°,1ª,NUTRIÇÃO (BACHARELADO),DARCY RIBEIRO,DIURNO,2,Cota para Negros,44.374,44.374,44.374,1
2022-2024,1°,1ª,ODONTOLOGIA (BACHARELADO),DARCY RIBEIRO,DIURNO,1,Sistema Universal,73.669,94.658,80.504,7
2022-2024,1°,2ª,ODONTOLOGIA (BACHARELADO),DARCY RIBEIRO,DIURNO,1,Sistema Universal,73.525,73.93,73.728,2
2022-2024,1°,3ª,ODONTOLOGIA (BACHARELADO),DARCY RIBEIRO,DIURNO,1,Sistema Universal,72.814,72.814,72.814,1
2022-2024,1°,1ª,ODONTOLOGIA (BACHARELADO),DARCY RIBEIRO,DIURNO,2,Cota para Negros,65.574,65.574,65.574,1
2022-2024,1°,2ª,ODONTOLOGIA (BACHARELADO),DARCY RIBEIRO,DIURNO,2,Cota para Negros,28.135,28.135,28.135,1
2022-2024,1°,1ª,PEDAGOGIA (LICENCIATURA),DARCY RIBEIRO,DIURNO,1,Sistema Universal,-4.517,59.509,16.7,17
2022-2024,1°,2ª,PEDAGOGIA (LICENCIATURA),DARCY RIBEIRO,DIURNO,1,Sistema Universal,-9.983,-5.338,-7.034,4
2022-2024,1°,3ª,PEDAGOGIA (LICENCIATURA),DARCY RIBEIRO,DIURNO,1,Sistema Universal,-10.487,-10.487,-10.487,1
2022-2024,1°,4ª,PEDAGOGIA (LICENCIATURA),DARCY RIBEIRO,DIURNO,1,Sistema Universal,-17.904,-17.904,-17.904,1
2022-2024,1°,1ª,PEDAGOGIA (LICENCIATURA),DARCY RIBEIRO,DIURNO,2,Cota para Negros,-33.414,-31.316,-32.365,2
2022-2024,1°,1ª,PEDAGOGIA (LICENCIATURA),DARCY RIBEIRO,NOTURNO,1,Sistema Universal,-52.667,-4.3,-23.458,13
2022-2024,1°,2ª,PEDAGOGIA (LICENCIATURA),DARCY RIBEIRO,NOTURNO,1,Sistema Universal,-90.365,-56.689,-75.691,3
2022-2024,1°,1ª,PEDAGOGIA (LICENCIATURA),DARCY RIBEIRO,NOTURNO,2,Cota para Negros,-83.424,-83.424,-83.424,1
2022-2024,1°,1ª,PSICOLOGIA (BACHARELADO / LICENCIATURA / PSICÓLOGO),DARCY RIBEIRO,DIURNO,1,Sistema Universal,99.394,143.243,110.058,12
2022-2024,1°,2ª,PSICOLOGIA (BACHARELADO / LICENCIATURA / PSICÓLOGO),DARCY RIBEIRO,DIURNO,1,Sistema Universal,94.728,96.256,95.688,4
2022-2024,1°,1ª,PSICOLOGIA (BACHARELADO / LICENCIATURA / PSICÓLOGO),DARCY RIBEIRO,DIURNO,2,Cota para Negros,24.286,24.286,24.286,1
2022-2024,1°,1ª,QUÍMICA (BACHARELADO),DARCY RIBEIRO,DIURNO,1,Sistema Universal,43.159,108.254,65.287,7
2022-2024,1°,2ª,QUÍMICA (BACHARELADO),DARCY RIBEIRO,DIURNO,1,Sistema Universal,33.936,39.993,37.651,3
2022-2024,1°,1ª,QUÍMICA (BACHARELADO),DARCY RIBEIRO,DIURNO,2,Cota para Negros,1.543,1.543,1.543,1
2022-2024,1°,1ª,QUÍMICA TECNOLÓGICA (BACHARELADO),DARCY RIBEIRO,DIURNO,1,Sistema Universal,-69.808,35.421,-29.602,6
2022-2024,1°,1ª,RELAÇÕES INTERNACIONAIS (BACHARELADO),DARCY RIBEIRO,DIURNO,1,Sistema Universal,82.253,136.622,98.344,11
2022-2024,1°,2ª,RELAÇÕES INTERNACIONAIS (BACHARELADO),DARCY RIBEIRO,DIURNO,1,Sistema Universal,81.547,81.615,81.581,2
2022-2024,1°,1ª,RELAÇÕES INTERNACIONAIS (BACHARELADO),DARCY RIBEIRO,DIURNO,2,Cota para Negros,75.703,75.703,75.703,1
2022-2024,1°,1ª,SAÚDE COLETIVA (BACHARELADO),CEILÂNDIA,DIURNO,1,Sistema Universal,-90.959,3.222,-47.659,14
2022-2024,1°,1ª,SAÚDE COLETIVA (BACHARELADO),DARCY RIBEIRO,NOTURNO,1,Sistema Universal,-88.031,-88.031,-88.031,1
2022-2024,1°,1ª,SERVIÇO SOCIAL (BACHARELADO),DARCY RIBEIRO,DIURNO,1,Sistema Universal,-48.713,19.794,-15.862,15
2022-2024,1°,2ª,SERVIÇO SOCIAL (BACHARELADO),DARCY RIBEIRO,DIURNO,1,Sistema Universal,-48.961,-48.961,-48.961,1
2022-2024,1°,1ª,SERVIÇO SOCIAL (BACHARELADO),DARCY RIBEIRO,DIURNO,2,Cota para Negros,-36.721,-36.721,-36.721,1
2022-2024,1°,1ª,SERVIÇO SOCIAL (BACHARELADO),DARCY RIBEIRO,NOTURNO,1,Sistema Universal,-44.427,-8.061,-26.244,2
2022-2024,1°,1ª,"TEORIA, CRÍTICA E HISTÓRIA DA ARTE (BACHARELADO)",DARCY RIBEIRO,NOTURNO,1,Sistema Universal,-66.561,73.821,-8.002,7
2022-2024,1°,1ª,TERAPIA OCUPACIONAL (BACHARELADO),CEILÂNDIA,DIURNO,1,Sistema Universal,-9.814,29.962,9.796,11
2022-2024,1°,1ª,TERAPIA OCUPACIONAL (BACHARELADO),CEILÂNDIA,DIURNO,2,Cota para Negros,-29.876,-29.876,-29.876,1
2022-2024,1°,1ª,TURISMO (BACHARELADO),DARCY RIBEIRO,DIURNO,1,Sistema Universal,-67.443,10.951,-52.988,5
2022-2024,2°,1ª,ADMINISTRAÇÃO (BACHARELADO),DARCY RIBEIRO,DIURNO,1,Sistema Universal,0.137,12.807,4.384,13
2022-2024,2°,2ª,ADMINISTRAÇÃO (BACHARELADO),DARCY RIBEIRO,DIURNO,1,Sistema Universal,-9.888,-2.215,-6.693,13
2022-2024,2°,3ª,ADMINISTRAÇÃO (BACHARELADO),DARCY RIBEIRO,DIURNO,1,Sistema Universal,-13.162,-10.864,-12.252,5
2022-2024,2°,4ª,ADMINISTRAÇÃO (BACHARELADO),DARCY RIBEIRO,DIURNO,1,Sistema Universal,-15.097,-15.007,-15.052,2
2022-2024,2°,1ª,ADMINISTRAÇÃO (BACHARELADO),DARCY RIBEIRO,DIURNO,2,Cota para Negros,-54.707,-48.66,-51.683,2
2022-2024,2°,1ª,ADMINISTRAÇÃO (BACHARELADO),DARCY RIBEIRO,NOTURNO,1,Sistema Universal,-86.767,-40.79,-59.424,18
2022-2024,2°,1ª,AGRONOMIA (BACHARELADO),DARCY RIBEIRO,DIURNO,1,Sistema Universal,-95.148,-49.448,-67.56,25
2022-2024,2°,1ª,ARQUITETURA E URBANISMO (BACHARELADO),DARCY RIBEIRO,DIURNO,1,Sistema Universal,64.82,77.537,73.03,9
2022-2024,2°,2ª,ARQUITETURA E URBANISMO (BACHARELADO),DARCY RIBEIRO,DIURNO,1,Sistema Universal,64.107,64.443,64.275,2
2022-2024,2°,3ª,ARQUITETURA E URBANISMO (BACHARELADO),DARCY RIBEIRO,DIURNO,1,Sistema Universal,62.775,62.775,62.775,1
2022-2024,2°,4ª,ARQUITETURA E URBANISMO (BACHARELADO),DARCY RIBEIRO,DIURNO,1,Sistema Universal,61.766,61.766,61.766,1
2022-2024,2°,1ª,ARQUITETURA E URBANISMO (BACHARELADO),DARCY RIBEIRO,DIURNO,2,Cota para Negros,47.865,47.865,47.865,1
2022-2024,2°,1ª,ARQUITETURA E URBANISMO (BACHARELADO),DARCY RIBEIRO,NOTURNO,1,Sistema Universal,-5.784,15.316,3.758,15
2022-2024,2°,2ª,ARQUITETURA E URBANISMO (BACHARELADO),DARCY RIBEIRO,NOTURNO,1,Sistema Universal,-12.019,-9.513,-10.546,4
2022-2024,2°,1ª,ARQUITETURA E URBANISMO (BACHARELADO),DARCY RIBEIRO,NOTURNO,2,Cota para Negros,0.302,0.302,0.302,1
2022-2024,2°,1ª,ARTES CÊNICAS - INTERPRETAÇÃO TEATRAL (BACHARELADO),DARCY RIBEIRO,DIURNO,1,Sistema Universal,27.497,29.223,28.36,2
2022-2024,2°,2ª,ARTES CÊNICAS - INTERPRETAÇÃO TEATRAL (BACHARELADO),DARCY RIBEIRO,DIURNO,1,Sistema Universal,24.18,24.18,24.18,1
2022-2024,2°,1ª,ARTES VISUAIS (BACHARELADO),DARCY RIBEIRO,DIURNO,1,Sistema Universal,-25.519,9.382,-12.755,15
2022-2024,2°,2ª,ARTES VISUAIS (BACHARELADO),DARCY RIBEIRO,DIURNO,1,Sistema Universal,-39.726,-33.606,-36.129,4
2022-2024,2°,3ª,ARTES VISUAIS (BACHARELADO),DARCY RIBEIRO,DIURNO,1,Sistema Universal,-45.271,-45.271,-45.271,1
2022-2024,2°,4ª,ARTES VISUAIS (BACHARELADO),DARCY RIBEIRO,DIURNO,1,Sistema Universal,-49.153,-49.153,-49.153,1
2022-2024,2°,1ª,ARTES VISUAIS (LICENCIATURA),DARCY RIBEIRO,DIURNO,1,Sistema Universal,-7.957,70.753,14.688,7
2022-2024,2°,2ª,ARTES VISUAIS (LICENCIATURA),DARCY RIBEIRO,DIURNO,1,Sistema Universal,-45.491,-13.026,-28.384,5
2022-2024,2°,3ª,ARTES VISUAIS (LICENCIATURA),DARCY RIBEIRO,DIURNO,1,Sistema Universal,-78.146,-63.095,-70.62,2
2022-2024,2°,1ª,ARTES VISUAIS (LICENCIATURA),DARCY RIBEIRO,DIURNO,2,Cota para Negros,-33.237,-33.237,-33.237,1
2022-2024,2°,1ª,BIOTECNOLOGIA (BACHARELADO),DARCY RIBEIRO,DIURNO,1,Sistema Universal,-13.439,20.763,-0.877,11
2022-2024,2°,2ª,BIOTECNOLOGIA (BACHARELADO),DARCY RIBEIRO,DIURNO,1,Sistema Universal,-27.618,-16.232,-21.771,8
2022-2024,2°,3ª,BIOTECNOLOGIA (BACHARELADO),DARCY RIBEIRO,DIURNO,1,Sistema Universal,-37.2,-31.041,-35.117,6
2022-2024,2°,4ª,BIOTECNOLOGIA (BACHARELADO),DARCY RIBEIRO,DIURNO,1,Sistema Universal,-77.641,-40.932,-62.406,3
2022-2024,2°,1ª,CIÊNCIA DA COMPUTAÇÃO (BACHARELADO),DARCY RIBEIRO,DIURNO,1,Sistema Universal,111.639,126.56,120.076,9
2022-2024,2°,2ª,CIÊNCIA DA COMPUTAÇÃO (BACHARELADO),DARCY RIBEIRO,DIURNO,1,Sistema Universal,104.006,109.801,106.339,4
2022-2024,2°,3ª,CIÊNCIA DA COMPUTAÇÃO (BACHARELADO),DARCY RIBEIRO,DIURNO,1,Sistema Universal,99.084,101.412,100.102,4
2022-2024,2°,4ª,CIÊNCIA DA COMPUTAÇÃO (BACHARELADO),DARCY RIBEIRO,DIURNO,1,Sistema Universal,97.634,98.556,98.095,2
2022-2024,2°,1ª,CIÊNCIA DA COMPUTAÇÃO (BACHARELADO),DARCY RIBEIRO,DIURNO,2,Cota para Negros,64.835,64.835,64.835,1
2022-2024,2°,2ª,CIÊNCIA DA COMPUTAÇÃO (BACHARELADO),DARCY RIBEIRO,DIURNO,2,Cota para Negros,55.906,55.906,55.906,1
2022-2024,2°,3ª,CIÊNCIA DA COMPUTAÇÃO (BACHARELADO),DARCY RIBEIRO,DIURNO,2,Cota para Negros,34.983,34.983,34.983,1
2022-2024,2°,4ª,CIÊNCIA DA COMPUTAÇÃO (BACHARELADO),DARCY RIBEIRO,DIURNO,2,Cota para Negros,29.428,29.428,29.428,1
2022-2024,2°,1ª,CIÊNCIA POLÍTICA (BACHARELADO),DARCY RIBEIRO,DIURNO,1,Sistema Universal,-0.707,27.872,14.549,23
2022-2024,2°,2ª,CIÊNCIA POLÍTICA (BACHARELADO),DARCY RIBEIRO,DIURNO,1,Sistema Universal,-2.432,-0.988,-1.829,5
2022-2024,2°,3ª,CIÊNCIA POLÍTICA (BACHARELADO),DARCY RIBEIRO,DIURNO,1,Sistema Universal,-3.204,-3.204,-3.204,1
2022-2024,2°,4ª,CIÊNCIA POLÍTICA (BACHARELADO),DARCY RIBEIRO,DIURNO,1,Sistema Universal,-3.609,-3.609,-3.609,1
2022-2024,2°,1ª,CIÊNCIA POLÍTICA (BACHARELADO),DARCY RIBEIRO,DIURNO,2,Cota para Negros,-1.435,-1.435,-1.435,1
2022-2024,2°,1ª,CIÊNCIAS BIOLÓGICAS (BACHARELADO),DARCY RIBEIRO,DIURNO,1,Sistema Universal,48.174,55.263,46.217,10
2022-2024,2°,2ª,CIÊNCIAS BIOLÓGICAS (BACHARELADO),DARCY RIBEIRO,DIURNO,1,Sistema Universal,45.298,47.377,46.667,3
2022-2024,2°,1ª,CIÊNCIAS BIOLÓGICAS (BACHARELADO),DARCY RIBEIRO,DIURNO,2,Cota para Negros,-29.292,-29.292,-29.292,1
2022-2024,2°,1ª,CIÊNCIAS CONTÁBEIS (BACHARELADO),DARCY RIBEIRO,DIURNO,1,Sistema Universal,-102.261,-10.854,-46.555,26
2022-2024,2°,1ª,CIÊNCIAS ECONÔMICAS (BACHARELADO),DARCY RIBEIRO,DIURNO,1,Sistema Universal,50.313,131.29,68.411,18
2022-2024,2°,2ª,CIÊNCIAS ECONÔMICAS (BACHARELADO),DARCY RIBEIRO,DIURNO,1,Sistema Universal,43.017,48.582,45.765,6
2022-2024,2°,3ª,CIÊNCIAS ECONÔMICAS (BACHARELADO),DARCY RIBEIRO,DIURNO,1,Sistema Universal,40.248,40.248,40.248,1
2022-2024,2°,4ª,CIÊNCIAS ECONÔMICAS (BACHARELADO),DARCY RIBEIRO,DIURNO,1,Sistema Universal,39.718,39.718,39.718,1
2022-2024,2°,1ª,CIÊNCIAS ECONÔMICAS (BACHARELADO),DARCY RIBEIRO,DIURNO,2,Cota para Negros,38.698,38.698,38.698,1
2022-2024,2°,2ª,CIÊNCIAS ECONÔMICAS (BACHARELADO),DARCY RIBEIRO,DIURNO,2,Cota para Negros,21.796,21.796,21.796,1
2022-2024,2°,3ª,CIÊNCIAS ECONÔMICAS (BACHARELADO),DARCY RIBEIRO,DIURNO,2,Cota para Negros,13.385,13.385,13.385,1
2022-2024,2°,4ª,CIÊNCIAS ECONÔMICAS (BACHARELADO),DARCY RIBEIRO,DIURNO,2,Cota para Negros,12.815,12.815,12.815,1
2022-2024,2°,1ª,COMPUTAÇÃO (LICENCIATURA),DARCY RIBEIRO,NOTURNO,1,Sistema Universal,-105.03,-44.569,-64.398,11
2022-2024,2°,1ª,COMUNICAÇÃO ORGANIZACIONAL (BACHARELADO),DARCY RIBEIRO,NOTURNO,1,Sistema Universal,-98.302,-18.384,-50.399,9
2022-2024,2°,1ª,COMUNICAÇÃO SOCIAL - AUDIOVISUAL (BACHARELADO),DARCY RIBEIRO,DIURNO,1,Sistema Universal,39.969,57.784,46.426,4
2022-2024,2°,2ª,COMUNICAÇÃO SOCIAL - AUDIOVISUAL (BACHARELADO),DARCY RIBEIRO,DIURNO,1,Sistema Universal,29.981,32.497,31.239,2
2022-2024,2°,3ª,COMUNICAÇÃO SOCIAL - AUDIOVISUAL (BACHARELADO),DARCY RIBEIRO,DIURNO,1,Sistema Universal,26.17,29.267,27.718,2
2022-2024,2°,1ª,COMUNICAÇÃO SOCIAL - AUDIOVISUAL (BACHARELADO),DARCY RIBEIRO,DIURNO,2,Cota para Negros,2.287,2.287,2.287,1
2022-2024,2°,1ª,COMUNICAÇÃO SOCIAL - PUBLICIDADE E PROPAGANDA (BACHARELADO),DARCY RIBEIRO,DIURNO,1,Sistema Universal,40.414,48.42,44.197,4
2022-2024,2°,2ª,COMUNICAÇÃO SOCIAL - PUBLICIDADE E PROPAGANDA (BACHARELADO),DARCY RIBEIRO,DIURNO,1,Sistema Universal,37.349,40.151,38.608,3
2022-2024,2°,3ª,COMUNICAÇÃO SOCIAL - PUBLICIDADE E PROPAGANDA (BACHARELADO),DARCY RIBEIRO,DIURNO,1,Sistema Universal,37.022,37.047,37.034,2
2022-2024,2°,4ª,COMUNICAÇÃO SOCIAL - PUBLICIDADE E PROPAGANDA (BACHARELADO),DARCY RIBEIRO,DIURNO,1,Sistema Universal,31.405,31.405,31.405,1
2022-2024,2°,1ª,DESIGN - PROGRAMAÇÃO VISUAL/PROJETO DO PRODUTO (BACHARELADO),DARCY RIBEIRO,DIURNO,1,Sistema Universal,54.836,69.182,60.237,4
2022-2024,2°,2ª,DESIGN - PROGRAMAÇÃO VISUAL/PROJETO DO PRODUTO (BACHARELADO),DARCY RIBEIRO,DIURNO,1,Sistema Universal,47.356,50.926,49.141,2
2022-2024,2°,3ª,DESIGN - PROGRAMAÇÃO VISUAL/PROJETO DO PRODUTO (BACHARELADO),DARCY RIBEIRO,DIURNO,1,Sistema Universal,41.003,41.003,41.003,1
2022-2024,2°,4ª,DESIGN - PROGRAMAÇÃO VISUAL/PROJETO DO PRODUTO (BACHARELADO),DARCY RIBEIRO,DIURNO,1,Sistema Universal,39.507,39.507,39.507,1
2022-2024,2°,1ª,DESIGN - PROGRAMAÇÃO VISUAL/PROJETO DO PRODUTO (BACHARELADO),DARCY RIBEIRO,DIURNO,2,Cota para Negros,-82.226,-82.226,-82.226,1
2022-2024,2°,2ª,DESIGN - PROGRAMAÇÃO VISUAL/PROJETO DO PRODUTO (BACHARELADO),DARCY RIBEIRO,DIURNO,2,Cota para Negros,-104.356,-104.356,-104.356,1
2022-2024,2°,1ª,DIREITO (BACHARELADO),DARCY RIBEIRO,DIURNO,1,Sistema Universal,108.006,117.929,113.563,12
2022-2024,2°,2ª,DIREITO (BACHARELADO),DARCY RIBEIRO,DIURNO,1,Sistema Universal,107.299,107.836,107.495,4
2022-2024,2°,3ª,DIREITO (BACHARELADO),DARCY RIBEIRO,DIURNO,1,Sistema Universal,105.184,105.184,105.184,1
2022-2024,2°,4ª,DIREITO (BACHARELADO),DARCY RIBEIRO,DIURNO,1,Sistema Universal,105.101,105.101,105.101,1
2022-2024,2°,1ª,DIREITO (BACHARELADO),DARCY RIBEIRO,DIURNO,2,Cota para Negros,81.379,81.379,66.159,2
2022-2024,2°,1ª,DIREITO (BACHARELADO),DARCY RIBEIRO,NOTURNO,1,Sistema Universal,76.028,82.163,75.671,14
2022-2024,2°,2ª,DIREITO (BACHARELADO),DARCY RIBEIRO,NOTURNO,1,Sistema Universal,74.722,74.722,74.722,1
2022-2024,2°,1ª,DIREITO (BACHARELADO),DARCY RIBEIRO,NOTURNO,2,Cota para Negros,30.06,30.572,30.316,2
2022-2024,2°,1ª,EDUCAÇÃO FÍSICA CICLO BÁSICO (BACHARELADO/LICENCIATURA),DARCY RIBEIRO,DIURNO,1,Sistema Universal,-27.052,-13.512,-21.439,21
2022-2024,2°,2ª,EDUCAÇÃO FÍSICA CICLO BÁSICO (BACHARELADO/LICENCIATURA),DARCY RIBEIRO,DIURNO,1,Sistema Universal,-37.731,-27.43,-32.063,13
2022-2024,2°,3ª,EDUCAÇÃO FÍSICA CICLO BÁSICO (BACHARELADO/LICENCIATURA),DARCY RIBEIRO,DIURNO,1,Sistema Universal,-42.886,-37.816,-40.319,10
2022-2024,2°,4ª,EDUCAÇÃO FÍSICA CICLO BÁSICO (BACHARELADO/LICENCIATURA),DARCY RIBEIRO,DIURNO,1,Sistema Universal,-45.535,-43.199,-44.416,7
2022-2024,2°,1ª,EDUCAÇÃO FÍSICA CICLO BÁSICO (BACHARELADO/LICENCIATURA),DARCY RIBEIRO,DIURNO,2,Cota para Negros,-34.592,-33.682,-34.137,2
2022-2024,2°,1ª,ENFERMAGEM (BACHARELADO),CEILÂNDIA,DIURNO,1,Sistema Universal,2.383,9.145,5.105,11
2022-2024,2°,2ª,ENFERMAGEM (BACHARELADO),CEILÂNDIA,DIURNO,1,Sistema Universal,-3.917,2.269,-1.895,5
2022-2024,2°,3ª,ENFERMAGEM (BACHARELADO),CEILÂNDIA,DIURNO,1,Sistema Universal,-5.909,-5.899,-5.904,2
2022-2024,2°,4ª,ENFERMAGEM (BACHARELADO),CEILÂNDIA,DIURNO,1,Sistema Universal,-6.622,-6.135,-6.378,2
2022-2024,2°,1ª,ENFERMAGEM (BACHARELADO),CEILÂNDIA,DIURNO,2,Cota para Negros,-45.031,-45.031,-45.031,1
2022-2024,2°,1ª,ENFERMAGEM (BACHARELADO),DARCY RIBEIRO,DIURNO,1,Sistema Universal,21.198,33.032,28.295,9
2022-2024,2°,2ª,ENFERMAGEM (BACHARELADO),DARCY RIBEIRO,DIURNO,1,Sistema Universal,10.996,20.627,15.822,7
2022-2024,2°,3ª,ENFERMAGEM (BACHARELADO),DARCY RIBEIRO,DIURNO,1,Sistema Universal,9.043,10.857,9.881,4
2022-2024,2°,4ª,ENFERMAGEM (BACHARELADO),DARCY RIBEIRO,DIURNO,1,Sistema Universal,5.869,7.472,6.918,3
2022-2024,2°,1ª,ENFERMAGEM (BACHARELADO),DARCY RIBEIRO,DIURNO,2,Cota para Negros,6.688,6.688,6.688,1
2022-2024,2°,2ª,ENFERMAGEM (BACHARELADO),DARCY RIBEIRO,DIURNO,2,Cota para Negros,-28.705,-28.705,-28.705,1
2022-2024,2°,1ª,ENGENHARIA CIVIL (BACHARELADO),DARCY RIBEIRO,DIURNO,1,Sistema Universal,34.504,63.663,50.974,18
2022-2024,2°,2ª,ENGENHARIA CIVIL (BACHARELADO),DARCY RIBEIRO,DIURNO,1,Sistema Universal,11.482,30.265,18.683,8
2022-2024,2°,3ª,ENGENHARIA CIVIL (BACHARELADO),DARCY RIBEIRO,DIURNO,1,Sistema Universal,-4.884,11.187,3.271,4
2022-2024,2°,4ª,ENGENHARIA CIVIL (BACHARELADO),DARCY RIBEIRO,DIURNO,1,Sistema Universal,-8.597,-8.597,-8.597,1
2022-2024,2°,1ª,ENGENHARIA CIVIL (BACHARELADO),DARCY RIBEIRO,DIURNO,2,Cota para Negros,16.686,16.686,16.686,1
2022-2024,2°,1ª,ENGENHARIA DE COMPUTAÇÃO (BACHARELADO),DARCY RIBEIRO,DIURNO,1,Sistema Universal,102.972,115.572,108.181,9
2022-2024,2°,2ª,ENGENHARIA DE COMPUTAÇÃO (BACHARELADO),DARCY RIBEIRO,DIURNO,1,Sistema Universal,90.767,102.746,95.424,6
2022-2024,2°,3ª,ENGENHARIA DE COMPUTAÇÃO (BACHARELADO),DARCY RIBEIRO,DIURNO,1,Sistema Universal,86.497,86.497,86.497,1
2022-2024,2°,4ª,ENGENHARIA DE COMPUTAÇÃO (BACHARELADO),DARCY RIBEIRO,DIURNO,1,Sistema Universal,84.476,84.476,84.476,1
2022-2024,2°,1ª,ENGENHARIA DE COMPUTAÇÃO (BACHARELADO),DARCY RIBEIRO,DIURNO,2,Cota para Negros,48.438,48.438,48.438,1
2022-2024,2°,2ª,ENGENHARIA DE COMPUTAÇÃO (BACHARELADO),DARCY RIBEIRO,DIURNO,2,Cota para Negros,32.553,32.553,32.553,1
2022-2024,2°,3ª,ENGENHARIA DE COMPUTAÇÃO (BACHARELADO),DARCY RIBEIRO,DIURNO,2,Cota para Negros,27.113,27.113,27.113,1
2022-2024,2°,1ª,ENGENHARIA DE PRODUÇÃO (BACHARELADO),DARCY RIBEIRO,NOTURNO,1,Sistema Universal,-66.153,14.375,-16.564,15
2022-2024,2°,1ª,ENGENHARIA DE PRODUÇÃO (BACHARELADO),DARCY RIBEIRO,NOTURNO,2,Cota para Negros,-71.003,-71.003,-71.003,1
2022-2024,2°,1ª,ENGENHARIA DE REDES DE COMUNICAÇÃO (BACHARELADO),DARCY RIBEIRO,DIURNO,1,Sistema Universal,-50.195,-2.835,-22.541,18
2022-2024,2°,2ª,ENGENHARIA DE REDES DE COMUNICAÇÃO (BACHARELADO),DARCY RIBEIRO,DIURNO,1,Sistema Universal,-61.976,-57.14,-59.558,2
2022-2024,2°,1ª,ENGENHARIA ELÉTRICA (BACHARELADO),DARCY RIBEIRO,DIURNO,1,Sistema Universal,-52.004,-11.328,-32.947,7
2022-2024,2°,1ª,ENGENHARIA MECATRÔNICA - CONTROLE E AUTOMAÇÃO (BACHARELADO),DARCY RIBEIRO,DIURNO,1,Sistema Universal,8.54,37.891,23.404,13
2022-2024,2°,2ª,ENGENHARIA MECATRÔNICA - CONTROLE E AUTOMAÇÃO (BACHARELADO),DARCY RIBEIRO,DIURNO,1,Sistema Universal,-35.377,7.343,-10.837,12
2022-2024,2°,3ª,ENGENHARIA MECATRÔNICA - CONTROLE E AUTOMAÇÃO (BACHARELADO),DARCY RIBEIRO,DIURNO,1,Sistema Universal,-40.454,-38.221,-39.338,2
2022-2024,2°,4ª,ENGENHARIA MECATRÔNICA - CONTROLE E AUTOMAÇÃO (BACHARELADO),DARCY RIBEIRO,DIURNO,1,Sistema Universal,-53.525,-53.525,-53.525,1
2022-2024,2°,1ª,ENGENHARIA MECÂNICA (BACHARELADO),DARCY RIBEIRO,DIURNO,1,Sistema Universal,-39.537,27.385,-6.519,16
2022-2024,2°,2ª,ENGENHARIA MECÂNICA (BACHARELADO),DARCY RIBEIRO,DIURNO,1,Sistema Universal,-105.128,-41.279,-62.16,8
2022-2024,2°,1ª,ENGENHARIA MECÂNICA (BACHARELADO),DARCY RIBEIRO,DIURNO,2,Cota para Negros,-47.32,-47.32,-47.32,1
2022-2024,2°,1ª,ENGENHARIA QUÍMICA (BACHARELADO),DARCY RIBEIRO,DIURNO,1,Sistema Universal,-31.736,-21.119,-27.063,4
2022-2024,2°,1ª,ENGENHARIAS - AEROESPACIAL / AUTOMOTIVA / ELETRÔNICA / ENERGIA / SOFTWARE (BACHARELADOS)**,GAMA,DIURNO,1,Sistema Universal,24.317,50.424,36.917,81
2022-2024,2°,2ª,ENGENHARIAS - AEROESPACIAL / AUTOMOTIVA / ELETRÔNICA / ENERGIA / SOFTWARE (BACHARELADOS)**,GAMA,DIURNO,1,Sistema Universal,8.172,24.073,14.832,59
2022-2024,2°,3ª,ENGENHARIAS - AEROESPACIAL / AUTOMOTIVA / ELETRÔNICA / ENERGIA / SOFTWARE (BACHARELADOS)**,GAMA,DIURNO,1,Sistema Universal,3.342,8.11,5.745,23
2022-2024,2°,4ª,ENGENHARIAS - AEROESPACIAL / AUTOMOTIVA / ELETRÔNICA / ENERGIA / SOFTWARE (BACHARELADOS)**,GAMA,DIURNO,1,Sistema Universal,-2.835,3.305,0.735,14
2022-2024,2°,1ª,ENGENHARIAS - AEROESPACIAL / AUTOMOTIVA / ELETRÔNICA / ENERGIA / SOFTWARE (BACHARELADOS)**,GAMA,DIURNO,2,Cota para Negros,-7.303,15.846,7.607,7
2022-2024,2°,2ª,ENGENHARIAS - AEROESPACIAL / AUTOMOTIVA / ELETRÔNICA / ENERGIA / SOFTWARE (BACHARELADOS)**,GAMA,DIURNO,2,Cota para Negros,-10.498,-10.498,-10.498,1
2022-2024,2°,1ª,ESTATÍSTICA (BACHARELADO),DARCY RIBEIRO,DIURNO,1,Sistema Universal,-50.203,-0.406,-27.472,7
2022-2024,2°,1ª,FARMÁCIA (BACHARELADO),CEILÂNDIA,DIURNO,1,Sistema Universal,0.278,14.814,6.864,10
2022-2024,2°,2ª,FARMÁCIA (BACHARELADO),CEILÂNDIA,DIURNO,1,Sistema Universal,-20.738,-0.441,-10.755,11
2022-2024,2°,3ª,FARMÁCIA (BACHARELADO),CEILÂNDIA,DIURNO,1,Sistema Universal,-29.172,-21.913,-25.971,5
2022-2024,2°,4ª,FARMÁCIA (BACHARELADO),CEILÂNDIA,DIURNO,1,Sistema Universal,-36.105,-29.613,-33.127,5
2022-2024,2°,1ª,FARMÁCIA (BACHARELADO),CEILÂNDIA,DIURNO,2,Cota para Negros,-53.795,-53.795,-53.795,1
2022-2024,2°,1ª,FARMÁCIA (BACHARELADO),DARCY RIBEIRO,DIURNO,1,Sistema Universal,27.53,42.869,32.944,10
2022-2024,2°,2ª,FARMÁCIA (BACHARELADO),DARCY RIBEIRO,DIURNO,1,Sistema Universal,19.233,27.426,23.951,6
2022-2024,2°,3ª,FARMÁCIA (BACHARELADO),DARCY RIBEIRO,DIURNO,1,Sistema Universal,17.691,17.691,17.691,1
2022-2024,2°,4ª,FARMÁCIA (BACHARELADO),DARCY RIBEIRO,DIURNO,1,Sistema Universal,14.094,14.094,14.094,1
2022-2024,2°,1ª,FARMÁCIA (BACHARELADO),DARCY RIBEIRO,NOTURNO,1,Sistema Universal,-73.721,-9.583,-45.877,12
2022-2024,2°,2ª,FARMÁCIA (BACHARELADO),DARCY RIBEIRO,NOTURNO,1,Sistema Universal,-79.778,-79.778,-79.778,1
2022-2024,2°,1ª,FISIOTERAPIA (BACHARELADO),CEILÂNDIA,DIURNO,1,Sistema Universal,3.438,16.934,11.039,11
2022-2024,2°,2ª,FISIOTERAPIA (BACHARELADO),CEILÂNDIA,DIURNO,1,Sistema Universal,-0.392,65.751,17.297,4
2022-2024,2°,3ª,FISIOTERAPIA (BACHARELADO),CEILÂNDIA,DIURNO,1,Sistema Universal,-0.982,-0.982,-0.982,1
2022-2024,2°,4ª,FISIOTERAPIA (BACHARELADO),CEILÂNDIA,DIURNO,1,Sistema Universal,-3.235,-1.856,-2.546,2
2022-2024,2°,1ª,FISIOTERAPIA (BACHARELADO),CEILÂNDIA,DIURNO,2,Cota para Negros,-4.572,-4.572,-4.572,1
2022-2024,2°,1ª,FONOAUDIOLOGIA (BACHARELADO),CEILÂNDIA,DIURNO,1,Sistema Universal,-19.871,0.53,-9.698,11
2022-2024,2°,2ª,FONOAUDIOLOGIA (BACHARELADO),CEILÂNDIA,DIURNO,1,Sistema Universal,-27.147,-19.971,-24.955,4
2022-2024,2°,3ª,FONOAUDIOLOGIA (BACHARELADO),CEILÂNDIA,DIURNO,1,Sistema Universal,-37.258,-29.84,-34.058,3
2022-2024,2°,4ª,FONOAUDIOLOGIA (BACHARELADO),CEILÂNDIA,DIURNO,1,Sistema Universal,-39.262,-39.262,-39.262,1
2022-2024,2°,1ª,HISTÓRIA (BACHARELADO/LICENCIATURA),DARCY RIBEIRO,DIURNO,1,Sistema Universal,-8.561,17.254,3.71,9
2022-2024,2°,2ª,HISTÓRIA (BACHARELADO/LICENCIATURA),DARCY RIBEIRO,DIURNO,1,Sistema Universal,-15.948,-10.567,-13.028,6
2022-2024,2°,3ª,HISTÓRIA (BACHARELADO/LICENCIATURA),DARCY RIBEIRO,DIURNO,1,Sistema Universal,-28.694,-16.106,-22.506,4
2022-2024,2°,4ª,HISTÓRIA (BACHARELADO/LICENCIATURA),DARCY RIBEIRO,DIURNO,1,Sistema Universal,-39.676,-33.053,-36.364,2
2022-2024,2°,1ª,HISTÓRIA (BACHARELADO/LICENCIATURA),DARCY RIBEIRO,DIURNO,2,Cota para Negros,-27.515,-27.515,-27.515,1
2022-2024,2°,1ª,JORNALISMO (BACHARELADO),DARCY RIBEIRO,DIURNO,1,Sistema Universal,69.365,78.377,74.798,4
2022-2024,2°,2ª,JORNALISMO (BACHARELADO),DARCY RIBEIRO,DIURNO,1,Sistema Universal,61.389,63.073,62.231,2
2022-2024,2°,1ª,JORNALISMO (BACHARELADO),DARCY RIBEIRO,DIURNO,2,Cota para Negros,-3.462,-3.462,-3.462,1
2022-2024,2°,2ª,JORNALISMO (BACHARELADO),DARCY RIBEIRO,DIURNO,2,Cota para Negros,-5.18,-5.18,-5.18,1
2022-2024,2°,1ª,LETRAS - TRADUÇÃO - INGLÊS (BACHARELADO),DARCY RIBEIRO,DIURNO,1,Sistema Universal,-52.428,-20.242,-31.682,11
2022-2024,2°,2ª,LETRAS - TRADUÇÃO - INGLÊS (BACHARELADO),DARCY RIBEIRO,DIURNO,1,Sistema Universal,-63.287,-57.146,-61.101,3
2022-2024,2°,1ª,LÍNGUA INGLESA E RESPECTIVA LITERATURA (BACHARELADO/LICENCIATURA),DARCY RIBEIRO,DIURNO,1,Sistema Universal,-15.468,4.023,-7.051,5
2022-2024,2°,2ª,LÍNGUA INGLESA E RESPECTIVA LITERATURA (BACHARELADO/LICENCIATURA),DARCY RIBEIRO,DIURNO,1,Sistema Universal,-16.187,-16.187,-16.187,1
2022-2024,2°,1ª,LÍNGUA PORTUGUESA E RESPECTIVA LITERATURA (BACHARELADO/LICENCIATURA),DARCY RIBEIRO,DIURNO,1,Sistema Universal,-22.941,-4.114,-15.92,6
2022-2024,2°,2ª,LÍNGUA PORTUGUESA E RESPECTIVA LITERATURA (BACHARELADO/LICENCIATURA),DARCY RIBEIRO,DIURNO,1,Sistema Universal,-38.262,-28.055,-32.054,6
2022-2024,2°,3ª,LÍNGUA PORTUGUESA E RESPECTIVA LITERATURA (BACHARELADO/LICENCIATURA),DARCY RIBEIRO,DIURNO,1,Sistema Universal,-38.598,-38.598,-38.598,1
2022-2024,2°,4ª,LÍNGUA PORTUGUESA E RESPECTIVA LITERATURA (BACHARELADO/LICENCIATURA),DARCY RIBEIRO,DIURNO,1,Sistema Universal,-45.165,-44.559,-44.862,2
2022-2024,2°,1ª,LÍNGUA PORTUGUESA E RESPECTIVA LITERATURA (BACHARELADO/LICENCIATURA),DARCY RIBEIRO,DIURNO,2,Cota para Negros,-60.705,-60.705,-60.705,1
2022-2024,2°,1ª,MATEMÁTICA (BACHARELADO/LICENCIATURA),DARCY RIBEIRO,DIURNO,1,Sistema Universal,-65.029,17.561,-29.29,13
2022-2024,2°,1ª,MEDICINA (BACHARELADO),DARCY RIBEIRO,DIURNO,1,Sistema Universal,143.785,173.057,163.456,10
2022-2024,2°,2ª,MEDICINA (BACHARELADO),DARCY RIBEIRO,DIURNO,1,Sistema Universal,143.785,162.156,161.711,4
2022-2024,2°,3ª,MEDICINA (BACHARELADO),DARCY RIBEIRO,DIURNO,1,Sistema Universal,143.785,161.143,161.143,1
2022-2024,2°,1ª,MEDICINA (BACHARELADO),DARCY RIBEIRO,DIURNO,2,Cota para Negros,146.826,146.826,146.826,1
2022-2024,2°,1ª,MEDICINA VETERINÁRIA (BACHARELADO),DARCY RIBEIRO,DIURNO,1,Sistema Universal,52.582,63.333,57.001,9
2022-2024,2°,2ª,MEDICINA VETERINÁRIA (BACHARELADO),DARCY RIBEIRO,DIURNO,1,Sistema Universal,50.181,52.381,51.407,3
2022-2024,2°,3ª,MEDICINA VETERINÁRIA (BACHARELADO),DARCY RIBEIRO,DIURNO,1,Sistema Universal,49.503,49.623,49.563,2
2022-2024,2°,4ª,MEDICINA VETERINÁRIA (BACHARELADO),DARCY RIBEIRO,DIURNO,1,Sistema Universal,38.121,39.27,38.696,2
2022-2024,2°,1ª,MEDICINA VETERINÁRIA (BACHARELADO),DARCY RIBEIRO,DIURNO,2,Cota para Negros,47.188,47.188,47.188,1
2022-2024,2°,1ª,NUTRIÇÃO (BACHARELADO),DARCY RIBEIRO,DIURNO,1,Sistema Universal,41.989,81.421,52.144,8
2022-2024,2°,2ª,NUTRIÇÃO (BACHARELADO),DARCY RIBEIRO,DIURNO,1,Sistema Universal,35.081,41.259,37.676,6
2022-2024,2°,3ª,NUTRIÇÃO (BACHARELADO),DARCY RIBEIRO,DIURNO,1,Sistema Universal,24.426,30.721,27.229,4
2022-2024,2°,4ª,NUTRIÇÃO (BACHARELADO),DARCY RIBEIRO,DIURNO,1,Sistema Universal,21.939,23.694,22.816,2
2022-2024,2°,1ª,NUTRIÇÃO (BACHARELADO),DARCY RIBEIRO,DIURNO,2,Cota para Negros,-9.709,-9.709,-9.709,1
2022-2024,2°,2ª,NUTRIÇÃO (BACHARELADO),DARCY RIBEIRO,DIURNO,2,Cota para Negros,-22.158,-22.158,-22.158,1
2022-2024,2°,1ª,ODONTOLOGIA (BACHARELADO),DARCY RIBEIRO,DIURNO,1,Sistema Universal,59.352,71.127,65.905,6
2022-2024,2°,2ª,ODONTOLOGIA (BACHARELADO),DARCY RIBEIRO,DIURNO,1,Sistema Universal,49.738,51.04,50.389,2
2022-2024,2°,3ª,ODONTOLOGIA (BACHARELADO),DARCY RIBEIRO,DIURNO,1,Sistema Universal,47.89,47.89,47.89,1
2022-2024,2°,1ª,ODONTOLOGIA (BACHARELADO),DARCY RIBEIRO,DIURNO,2,Cota para Negros,9.216,9.216,9.216,1
2022-2024,2°,2ª,ODONTOLOGIA (BACHARELADO),DARCY RIBEIRO,DIURNO,2,Cota para Negros,7.705,7.705,7.705,1
2022-2024,2°,1ª,PEDAGOGIA (LICENCIATURA),DARCY RIBEIRO,DIURNO,1,Sistema Universal,-71.523,-19.368,-41.167,29
2022-2024,2°,2ª,PEDAGOGIA (LICENCIATURA),DARCY RIBEIRO,DIURNO,1,Sistema Universal,-93.951,-71.531,-83.921,7
2022-2024,2°,1ª,PSICOLOGIA (BACHARELADO / LICENCIATURA / PSICÓLOGO),DARCY RIBEIRO,DIURNO,1,Sistema Universal,81.553,93.909,82.108,12
2022-2024,2°,2ª,PSICOLOGIA (BACHARELADO / LICENCIATURA / PSICÓLOGO),DARCY RIBEIRO,DIURNO,1,Sistema Universal,78.311,79.199,78.755,2
2022-2024,2°,3ª,PSICOLOGIA (BACHARELADO / LICENCIATURA / PSICÓLOGO),DARCY RIBEIRO,DIURNO,1,Sistema Universal,74.931,74.931,74.931,1
2022-2024,2°,4ª,PSICOLOGIA (BACHARELADO / LICENCIATURA / PSICÓLOGO),DARCY RIBEIRO,DIURNO,1,Sistema Universal,73.199,73.199,73.199,1
2022-2024,2°,1ª,PSICOLOGIA (BACHARELADO / LICENCIATURA / PSICÓLOGO),DARCY RIBEIRO,DIURNO,2,Cota para Negros,19.287,19.287,19.287,1
2022-2024,2°,1ª,QUÍMICA (BACHARELADO),DARCY RIBEIRO,DIURNO,1,Sistema Universal,4.306,32.131,14.938,13
2022-2024,2°,2ª,QUÍMICA (BACHARELADO),DARCY RIBEIRO,DIURNO,1,Sistema Universal,-44.712,-0.982,-25.109,11
2022-2024,2°,3ª,QUÍMICA (BACHARELADO),DARCY RIBEIRO,DIURNO,1,Sistema Universal,-52.302,-45.49,-49.505,5
2022-2024,2°,4ª,QUÍMICA (BACHARELADO),DARCY RIBEIRO,DIURNO,1,Sistema Universal,-87.245,-65.166,-76.206,2
2022-2024,2°,1ª,QUÍMICA (BACHARELADO),DARCY RIBEIRO,DIURNO,2,Cota para Negros,-9.802,-9.802,-9.802,1
2022-2024,2°,1ª,RELAÇÕES INTERNACIONAIS (BACHARELADO),DARCY RIBEIRO,DIURNO,1,Sistema Universal,68.855,80.765,75.168,11
2022-2024,2°,2ª,RELAÇÕES INTERNACIONAIS (BACHARELADO),DARCY RIBEIRO,DIURNO,1,Sistema Universal,68.179,68.461,68.32,2
2022-2024,2°,3ª,RELAÇÕES INTERNACIONAIS (BACHARELADO),DARCY RIBEIRO,DIURNO,1,Sistema Universal,66.8,66.8,66.8,1
2022-2024,2°,1ª,RELAÇÕES INTERNACIONAIS (BACHARELADO),DARCY RIBEIRO,DIURNO,2,Cota para Negros,51.877,51.877,51.877,1
2022-2024,2°,1ª,TERAPIA OCUPACIONAL (BACHARELADO),CEILÂNDIA,DIURNO,1,Sistema Universal,-40.381,-12.674,-29.779,14
2022-2024,2°,2ª,TERAPIA OCUPACIONAL (BACHARELADO),CEILÂNDIA,DIURNO,1,Sistema Universal,-52.551,-41.452,-45.97,10
2022-2024,2°,3ª,TERAPIA OCUPACIONAL (BACHARELADO),CEILÂNDIA,DIURNO,1,Sistema Universal,-59.686,-53.233,-56.46,2
2023-2025,1°,1°,ADMINISTRAÇÃO (BACHARELADO),DARCY RIBEIRO,DIURNO,1,Sistema Universal,38.131,99.156,61.245,13
2023-2025,1°,1°,ADMINISTRAÇÃO (BACHARELADO),DARCY RIBEIRO,DIURNO,2,Cota para Negros,-12.58,6.842,-2.869,2
2023-2025,1°,1°,ADMINISTRAÇÃO (BACHARELADO),DARCY RIBEIRO,NOTURNO,1,Sistema Universal,-7.05,44.901,17.127,24
2023-2025,1°,1°,ADMINISTRAÇÃO (BACHARELADO),DARCY RIBEIRO,NOTURNO,2,Cota para Negros,-54.846,-53.83,-54.338,2
2023-2025,1°,1°,AGRONOMIA (BACHARELADO),DARCY RIBEIRO,DIURNO,1,Sistema Universal,-5.377,112.172,18.261,24
2023-2025,1°,1°,AGRONOMIA (BACHARELADO),DARCY RIBEIRO,DIURNO,2,Cota para Negros,-22.112,-14.127,-18.12,2
2023-2025,1°,1°,ARQUITETURA E URBANISMO (BACHARELADO),DARCY RIBEIRO,DIURNO,1,Sistema Universal,98.047,146.303,110.835,9
2023-2025,1°,1°,ARQUITETURA E URBANISMO (BACHARELADO),DARCY RIBEIRO,DIURNO,2,Cota para Negros,65.15,65.15,65.15,1
2023-2025,1°,1°,ARQUITETURA E URBANISMO (BACHARELADO),DARCY RIBEIRO,NOTURNO,1,Sistema Universal,48.138,74.131,59.416,7
2023-2025,1°,1°,ARQUITETURA E URBANISMO (BACHARELADO),DARCY RIBEIRO,NOTURNO,2,Cota para Negros,23.271,23.271,23.271,1
2023-2025,1°,1°,ARQUIVOLOGIA (BACHARELADO),DARCY RIBEIRO,NOTURNO,1,Sistema Universal,-57.868,41.329,-16.511,13
2023-2025,1°,1°,ARTES CÊNICAS (BACHARELADO),DARCY RIBEIRO,DIURNO,1,Sistema Universal,23.679,42.35,31.286,3
2023-2025,1°,1°,ARTES CÊNICAS (LICENCIATURA),DARCY RIBEIRO,DIURNO,1,Sistema Universal,-12.384,29.579,8.868,4
2023-2025,1°,1°,ARTES CÊNICAS (LICENCIATURA),DARCY RIBEIRO,NOTURNO,1,Sistema Universal,16.725,16.725,-18.325,2
2023-2025,1°,1°,ARTES VISUAIS (BACHARELADO),DARCY RIBEIRO,DIURNO,1,Sistema Universal,13.225,75.062,46.192,6
2023-2025,1°,1°,ARTES VISUAIS (BACHARELADO),DARCY RIBEIRO,DIURNO,2,Cota para Negros,-21.925,-21.925,-21.925,1
2023-2025,1°,1°,BIBLIOTECONOMIA (BACHARELADO),DARCY RIBEIRO,DIURNO,1,Sistema Universal,-57.49,36.282,-21.287,11
2023-2025,1°,1°,BIBLIOTECONOMIA (BACHARELADO),DARCY RIBEIRO,DIURNO,2,Cota para Negros,-46.402,-46.402,-46.402,1
2023-2025,1°,1°,BIOTECNOLOGIA (BACHARELADO),DARCY RIBEIRO,DIURNO,1,Sistema Universal,67.536,157.41,98.213,9
2023-2025,1°,1°,BIOTECNOLOGIA (BACHARELADO),DARCY RIBEIRO,DIURNO,2,Cota para Negros,64.205,64.205,64.205,1
2023-2025,1°,1°,CIÊNCIA DA COMPUTAÇÃO (BACHARELADO),DARCY RIBEIRO,DIURNO,1,Sistema Universal,135.827,166.528,146.251,9
2023-2025,1°,1°,CIÊNCIA DA COMPUTAÇÃO (BACHARELADO),DARCY RIBEIRO,DIURNO,2,Cota para Negros,117.648,117.648,117.648,1
2023-2025,1°,1°,CIÊNCIA POLÍTICA (BACHARELADO),DARCY RIBEIRO,DIURNO,1,Sistema Universal,55.467,112.083,76.774,11
2023-2025,1°,1°,CIÊNCIA POLÍTICA (BACHARELADO),DARCY RIBEIRO,DIURNO,2,Cota para Negros,48.441,48.441,48.441,1
2023-2025,1°,1°,CIÊNCIAS AMBIENTAIS (BACHARELADO),DARCY RIBEIRO,NOTURNO,1,Sistema Universal,-60.711,-15.392,-38.34,5
2023-2025,1°,1°,CIÊNCIAS BIOLÓGICAS (BACHARELADO),DARCY RIBEIRO,DIURNO,1,Sistema Universal,78.793,119.236,100.085,9
2023-2025,1°,1°,CIÊNCIAS BIOLÓGICAS (BACHARELADO),DARCY RIBEIRO,DIURNO,2,Cota para Negros,29.652,29.652,29.652,1
2023-2025,1°,1°,CIÊNCIAS BIOLÓGICAS (LICENCIATURA),DARCY RIBEIRO,NOTURNO,1,Sistema Universal,-14.729,54.739,15.396,15
2023-2025,1°,1°,CIÊNCIAS BIOLÓGICAS (LICENCIATURA),DARCY RIBEIRO,NOTURNO,2,Cota para Negros,-17.183,-17.183,-17.183,1
2023-2025,1°,1°,CIÊNCIAS CONTÁBEIS (BACHARELADO),DARCY RIBEIRO,DIURNO,1,Sistema Universal,17.85,82.737,42.877,15
2023-2025,1°,1°,CIÊNCIAS CONTÁBEIS (BACHARELADO),DARCY RIBEIRO,DIURNO,2,Cota para Negros,-0.627,14.496,6.934,2
2023-2025,1°,1°,CIÊNCIAS CONTÁBEIS (BACHARELADO),DARCY RIBEIRO,NOTURNO,1,Sistema Universal,-27.789,31.88,-6.167,19
2023-2025,1°,1°,CIÊNCIAS CONTÁBEIS (BACHARELADO),DARCY RIBEIRO,NOTURNO,2,Cota para Negros,-40.834,-24.325,-32.58,2
2023-2025,1°,1°,CIÊNCIAS ECONÔMICAS (BACHARELADO),DARCY RIBEIRO,DIURNO,1,Sistema Universal,98.037,136.512,115.996,11
2023-2025,1°,1°,CIÊNCIAS ECONÔMICAS (BACHARELADO),DARCY RIBEIRO,DIURNO,2,Cota para Negros,83.431,83.431,83.431,1
2023-2025,1°,1°,CIÊNCIAS NATURAIS (LICENCIATURA),PLANALTINA,DIURNO,1,Sistema Universal,-78.391,13.11,-47.42,11
2023-2025,1°,1°,CIÊNCIAS SOCIAIS - ANTROPOLOGIA/SOCIOLOGIA (BACHARELADO/LICENCIATURA),DARCY RIBEIRO,DIURNO,1,Sistema Universal,-15.532,69.84,13.536,27
2023-2025,1°,1°,CIÊNCIAS SOCIAIS - ANTROPOLOGIA/SOCIOLOGIA (BACHARELADO/LICENCIATURA),DARCY RIBEIRO,DIURNO,2,Cota para Negros,-34.923,-32.091,-33.507,2
2023-2025,1°,1°,COMPUTAÇÃO (LICENCIATURA),DARCY RIBEIRO,NOTURNO,1,Sistema Universal,-22.177,45.581,11.765,17
2023-2025,1°,1°,COMUNICAÇÃO ORGANIZACIONAL (BACHARELADO),DARCY RIBEIRO,NOTURNO,1,Sistema Universal,8.45,66.357,35.601,13
2023-2025,1°,1°,COMUNICAÇÃO ORGANIZACIONAL (BACHARELADO),DARCY RIBEIRO,NOTURNO,2,Cota para Negros,-4.348,-4.348,-4.348,1
2023-2025,1°,1°,COMUNICAÇÃO SOCIAL - AUDIOVISUAL (BACHARELADO),DARCY RIBEIRO,DIURNO,1,Sistema Universal,69.433,134.182,91.85,4
2023-2025,1°,1°,COMUNICAÇÃO SOCIAL - AUDIOVISUAL (BACHARELADO),DARCY RIBEIRO,DIURNO,2,Cota para Negros,-55.674,-55.674,-55.674,1
2023-2025,1°,1°,COMUNICAÇÃO SOCIAL - PUBLICIDADE E PROPAGANDA (BACHARELADO),DARCY RIBEIRO,DIURNO,1,Sistema Universal,56.963,86.414,67.864,4
2023-2025,1°,1°,COMUNICAÇÃO SOCIAL - PUBLICIDADE E PROPAGANDA (BACHARELADO),DARCY RIBEIRO,DIURNO,2,Cota para Negros,44.425,44.425,44.425,1
2023-2025,1°,1°,DESIGN (BACHARELADO),DARCY RIBEIRO,DIURNO,1,Sistema Universal,87.407,110.73,96.504,4
2023-2025,1°,1°,DESIGN (BACHARELADO),DARCY RIBEIRO,DIURNO,2,Cota para Negros,3.136,3.136,3.136,1
2023-2025,1°,1°,DIREITO (BACHARELADO),DARCY RIBEIRO,DIURNO,1,Sistema Universal,137.491,172.039,153.878,13
2023-2025,1°,1°,DIREITO (BACHARELADO),DARCY RIBEIRO,DIURNO,2,Cota para Negros,85.357,112.75,99.054,2
2023-2025,1°,1°,DIREITO (BACHARELADO),DARCY RIBEIRO,NOTURNO,1,Sistema Universal,104.746,126.174,112.13,13
2023-2025,1°,1°,DIREITO (BACHARELADO),DARCY RIBEIRO,NOTURNO,2,Cota para Negros,80.945,89.34,85.142,2
2023-2025,1°,1°,EDUCAÇÃO FÍSICA CICLO BÁSICO (BACHARELADO/LICENCIATURA),DARCY RIBEIRO,DIURNO,1,Sistema Universal,1.609,38.076,15.261,22
2023-2025,1°,1°,EDUCAÇÃO FÍSICA CICLO BÁSICO (BACHARELADO/LICENCIATURA),DARCY RIBEIRO,DIURNO,2,Cota para Negros,-19.322,0.653,-10.052,3
2023-2025,1°,1°,ENFERMAGEM (BACHARELADO),CEILÂNDIA,DIURNO,1,Sistema Universal,28.045,92.811,50.607,11
2023-2025,1°,1°,ENFERMAGEM (BACHARELADO),CEILÂNDIA,DIURNO,2,Cota para Negros,22.701,22.701,22.701,1
2023-2025,1°,1°,ENFERMAGEM (BACHARELADO),DARCY RIBEIRO,DIURNO,1,Sistema Universal,53.833,90.752,64.103,9
2023-2025,1°,1°,ENFERMAGEM (BACHARELADO),DARCY RIBEIRO,DIURNO,2,Cota para Negros,39.99,39.99,39.99,1
2023-2025,1°,1°,ENGENHARIA AMBIENTAL (BACHARELADO),DARCY RIBEIRO,DIURNO,1,Sistema Universal,-53.928,39.353,-14.567,15
2023-2025,1°,1°,ENGENHARIA AMBIENTAL (BACHARELADO),DARCY RIBEIRO,DIURNO,2,Cota para Negros,-51.192,-51.192,-51.192,1
2023-2025,1°,1°,ENGENHARIA CIVIL (BACHARELADO),DARCY RIBEIRO,DIURNO,1,Sistema Universal,71.072,110.0,85.217,9
2023-2025,1°,1°,ENGENHARIA CIVIL (BACHARELADO),DARCY RIBEIRO,DIURNO,2,Cota para Negros,26.849,26.849,26.849,1
2023-2025,1°,1°,ENGENHARIA DE COMPUTAÇÃO (BACHARELADO),DARCY RIBEIRO,DIURNO,1,Sistema Universal,120.918,167.223,138.636,9
2023-2025,1°,1°,ENGENHARIA DE COMPUTAÇÃO (BACHARELADO),DARCY RIBEIRO,DIURNO,2,Cota para Negros,70.718,70.718,70.718,1
2023-2025,1°,1°,ENGENHARIA DE PRODUÇÃO (BACHARELADO),DARCY RIBEIRO,NOTURNO,1,Sistema Universal,49.032,130.073,81.109,15
2023-2025,1°,1°,ENGENHARIA DE PRODUÇÃO (BACHARELADO),DARCY RIBEIRO,NOTURNO,2,Cota para Negros,-31.733,-31.733,-31.733,1
2023-2025,1°,1°,ENGENHARIA DE REDES DE COMUNICAÇÃO (BACHARELADO),DARCY RIBEIRO,DIURNO,1,Sistema Universal,7.513,63.406,40.047,10
2023-2025,1°,1°,ENGENHARIA DE REDES DE COMUNICAÇÃO (BACHARELADO),DARCY RIBEIRO,DIURNO,2,Cota para Negros,-20.38,-20.38,-20.38,1
2023-2025,1°,1°,ENGENHARIA ELÉTRICA (BACHARELADO),DARCY RIBEIRO,DIURNO,1,Sistema Universal,97.075,144.38,118.454,11
2023-2025,1°,1°,ENGENHARIA ELÉTRICA (BACHARELADO),DARCY RIBEIRO,DIURNO,2,Cota para Negros,19.288,19.288,19.288,1
2023-2025,1°,1°,ENGENHARIA FLORESTAL (BACHARELADO),DARCY RIBEIRO,DIURNO,1,Sistema Universal,-69.015,65.667,-21.586,19
2023-2025,1°,1°,ENGENHARIA FLORESTAL (BACHARELADO),DARCY RIBEIRO,DIURNO,2,Cota para Negros,-59.51,-59.51,-59.51,1
2023-2025,1°,1°,ENGENHARIA MECATRÔNICA (BACHARELADO),DARCY RIBEIRO,DIURNO,1,Sistema Universal,84.017,170.136,115.968,9
2023-2025,1°,1°,ENGENHARIA MECATRÔNICA (BACHARELADO),DARCY RIBEIRO,DIURNO,2,Cota para Negros,25.527,25.527,25.527,1
2023-2025,1°,1°,ENGENHARIA MECÂNICA (BACHARELADO),DARCY RIBEIRO,DIURNO,1,Sistema Universal,83.117,151.18,103.689,9
2023-2025,1°,1°,ENGENHARIA MECÂNICA (BACHARELADO),DARCY RIBEIRO,DIURNO,2,Cota para Negros,68.151,68.151,68.151,1
2023-2025,1°,1°,ENGENHARIA QUÍMICA (BACHARELADO),DARCY RIBEIRO,DIURNO,1,Sistema Universal,51.716,135.786,80.587,12
2023-2025,1°,1°,ENGENHARIA QUÍMICA (BACHARELADO),DARCY RIBEIRO,DIURNO,2,Cota para Negros,5.744,5.744,5.744,1
2023-2025,1°,1°,ENGENHARIAS - AEROESPACIAL / AUTOMOTIVA / ELETRÔNICA / ENERGIA / SOFTWARE (BACHARELADOS)**,GAMA,DIURNO,1,Sistema Universal,61.705,145.39,86.141,63
2023-2025,1°,1°,ENGENHARIAS - AEROESPACIAL / AUTOMOTIVA / ELETRÔNICA / ENERGIA / SOFTWARE (BACHARELADOS)**,GAMA,DIURNO,2,Cota para Negros,17.209,55.531,31.206,7
2023-2025,1°,1°,ESTATÍSTICA (BACHARELADO),DARCY RIBEIRO,DIURNO,1,Sistema Universal,14.483,111.408,51.033,15
2023-2025,1°,1°,ESTATÍSTICA (BACHARELADO),DARCY RIBEIRO,DIURNO,2,Cota para Negros,8.239,8.239,8.239,1
2023-2025,1°,1°,FARMÁCIA (BACHARELADO),CEILÂNDIA,DIURNO,1,Sistema Universal,31.936,92.243,47.992,11
2023-2025,1°,1°,FARMÁCIA (BACHARELADO),CEILÂNDIA,DIURNO,2,Cota para Negros,15.618,15.618,15.618,1
2023-2025,1°,1°,FARMÁCIA (BACHARELADO),DARCY RIBEIRO,DIURNO,1,Sistema Universal,51.18,93.959,74.185,9
2023-2025,1°,1°,FARMÁCIA (BACHARELADO),DARCY RIBEIRO,DIURNO,2,Cota para Negros,15.902,15.902,15.902,1
2023-2025,1°,1°,FARMÁCIA (BACHARELADO),DARCY RIBEIRO,NOTURNO,1,Sistema Universal,18.047,45.641,28.373,7
2023-2025,1°,1°,FILOSOFIA (BACHARELADO/LICENCIATURA),DARCY RIBEIRO,DIURNO,1,Sistema Universal,-67.039,-3.548,-38.814,10
2023-2025,1°,1°,FILOSOFIA (LICENCIATURA),DARCY RIBEIRO,NOTURNO,1,Sistema Universal,-52.159,5.216,-27.125,3
2023-2025,1°,1°,FISIOTERAPIA (BACHARELADO),CEILÂNDIA,DIURNO,1,Sistema Universal,30.23,81.869,44.543,11
2023-2025,1°,1°,FISIOTERAPIA (BACHARELADO),CEILÂNDIA,DIURNO,2,Cota para Negros,13.637,13.637,13.637,1
2023-2025,1°,1°,FONOAUDIOLOGIA (BACHARELADO),CEILÂNDIA,DIURNO,1,Sistema Universal,16.721,40.508,26.517,8
2023-2025,1°,1°,FONOAUDIOLOGIA (BACHARELADO),CEILÂNDIA,DIURNO,2,Cota para Negros,5.402,5.402,5.402,1
2023-2025,1°,1°,FÍSICA (BACHARELADO),DARCY RIBEIRO,DIURNO,1,Sistema Universal,14.167,97.592,43.861,13
2023-2025,1°,1°,FÍSICA (LICENCIATURA),DARCY RIBEIRO,NOTURNO,1,Sistema Universal,6.292,125.678,24.071,5
2023-2025,1°,1°,GEOFÍSICA (BACHARELADO),DARCY RIBEIRO,DIURNO,1,Sistema Universal,-13.813,45.309,-0.79,4
2023-2025,1°,1°,GEOGRAFIA (BACHARELADO/LICENCIATURA),DARCY RIBEIRO,DIURNO,1,Sistema Universal,-90.016,129.343,-21.763,12
2023-2025,1°,1°,GEOLOGIA (BACHARELADO),DARCY RIBEIRO,DIURNO,1,Sistema Universal,-63.489,80.103,14.12,15
2023-2025,1°,1°,GESTÃO DE AGRONEGÓCIO (BACHARELADO),DARCY RIBEIRO,NOTURNO,1,Sistema Universal,-46.176,16.69,-16.538,9
2023-2025,1°,1°,GESTÃO DE POLÍTICAS PÚBLICAS (BACHARELADO),DARCY RIBEIRO,NOTURNO,1,Sistema Universal,-2.832,64.854,16.531,11
2023-2025,1°,1°,GESTÃO DE POLÍTICAS PÚBLICAS (BACHARELADO),DARCY RIBEIRO,NOTURNO,2,Cota para Negros,-10.584,-10.584,-10.584,1
2023-2025,1°,1°,GESTÃO DO AGRONEGÓCIO (BACHARELADO),PLANALTINA,DIURNO,1,Sistema Universal,-82.791,-28.816,-54.861,10
2023-2025,1°,1°,HISTÓRIA (BACHARELADO/LICENCIATURA),DARCY RIBEIRO,DIURNO,1,Sistema Universal,47.472,96.499,62.423,9
2023-2025,1°,1°,HISTÓRIA (BACHARELADO/LICENCIATURA),DARCY RIBEIRO,DIURNO,2,Cota para Negros,-27.232,-27.232,-27.232,1
2023-2025,1°,1°,HISTÓRIA (LICENCIATURA),DARCY RIBEIRO,NOTURNO,1,Sistema Universal,-85.388,45.426,-22.875,15
2023-2025,1°,1°,HISTÓRIA (LICENCIATURA),DARCY RIBEIRO,NOTURNO,2,Cota para Negros,-27.164,-27.164,-27.164,1
2023-2025,1°,1°,JORNALISMO (BACHARELADO),DARCY RIBEIRO,DIURNO,1,Sistema Universal,85.895,103.7,94.266,4
2023-2025,1°,1°,JORNALISMO (BACHARELADO),DARCY RIBEIRO,DIURNO,2,Cota para Negros,52.71,52.71,52.71,1
2023-2025,1°,1°,LETRAS PORTUGUÊS DO BRASIL COMO SEG. LÍNGUA (LICENCIATURA),DARCY RIBEIRO,DIURNO,1,Sistema Universal,-75.904,-4.147,-41.017,9
2023-2025,1°,1°,LETRAS TRADUÇÃO ESPANHOL (BACHARELADO),DARCY RIBEIRO,NOTURNO,1,Sistema Universal,-56.271,-56.271,-56.271,1
2023-2025,1°,1°,LETRAS TRADUÇÃO FRANCÊS (BACHARELADO),DARCY RIBEIRO,DIURNO,1,Sistema Universal,-18.595,-18.595,-18.595,1
2023-2025,1°,1°,LETRAS TRADUÇÃO INGLÊS (BACHARELADO),DARCY RIBEIRO,DIURNO,1,Sistema Universal,-75.983,32.724,-18.763,8
2023-2025,1°,1°,LÍNGUA E LITERATURA JAPONESA (LICENCIATURA),DARCY RIBEIRO,NOTURNO,1,Sistema Universal,-83.555,-45.663,-62.93,3
2023-2025,1°,1°,LÍNGUA ESPANHOLA E LITERATURA ESPANHOLA E HISPANO - AMERICANA (LICENCIATURA),DARCY RIBEIRO,NOTURNO,1,Sistema Universal,-79.029,-60.693,-69.508,3
2023-2025,1°,1°,LÍNGUA FRANCESA (BACHARELADO/LICENCIATURA),DARCY RIBEIRO,DIURNO,1,Sistema Universal,-87.339,-26.043,-52.361,6
2023-2025,1°,1°,LÍNGUA INGLESA (BACHARELADO/LICENCIATURA),DARCY RIBEIRO,DIURNO,1,Sistema Universal,15.306,83.036,36.712,5
2023-2025,1°,1°,LÍNGUA PORTUGUESA (BACHARELADO/LICENCIATURA),DARCY RIBEIRO,DIURNO,1,Sistema Universal,46.683,88.696,60.263,6
2023-2025,1°,1°,LÍNGUA PORTUGUESA (BACHARELADO/LICENCIATURA),DARCY RIBEIRO,DIURNO,2,Cota para Negros,30.129,30.129,30.129,1
2023-2025,1°,1°,LÍNGUA PORTUGUESA (LICENCIATURA),DARCY RIBEIRO,NOTURNO,1,Sistema Universal,-56.955,23.041,-15.781,7
2023-2025,1°,1°,LÍNGUAS ESTRANGEIRAS APLICADAS (BACHARELADO),DARCY RIBEIRO,DIURNO,1,Sistema Universal,-60.26,-0.938,-29.205,11
2023-2025,1°,1°,MATEMÁTICA (BACHARELADO/LICENCIATURA),DARCY RIBEIRO,DIURNO,1,Sistema Universal,-20.737,105.88,44.416,14
2023-2025,1°,1°,MATEMÁTICA (BACHARELADO/LICENCIATURA),DARCY RIBEIRO,DIURNO,2,Cota para Negros,-31.236,-31.236,-31.236,1
2023-2025,1°,1°,MATEMÁTICA (LICENCIATURA),DARCY RIBEIRO,NOTURNO,1,Sistema Universal,-51.641,31.378,-15.259,7
2023-2025,1°,1°,MATEMÁTICA (LICENCIATURA),DARCY RIBEIRO,NOTURNO,2,Cota para Negros,-64.383,-64.383,-64.383,1
2023-2025,1°,1°,MEDICINA (BACHARELADO),DARCY RIBEIRO,DIURNO,1,Sistema Universal,166.75,190.334,173.929,9
2023-2025,1°,1°,MEDICINA (BACHARELADO),DARCY RIBEIRO,DIURNO,2,Cota para Negros,120.046,120.046,120.046,1
2023-2025,1°,1°,MEDICINA VETERINÁRIA (BACHARELADO),DARCY RIBEIRO,DIURNO,1,Sistema Universal,66.643,99.685,80.866,9
2023-2025,1°,1°,MEDICINA VETERINÁRIA (BACHARELADO),DARCY RIBEIRO,DIURNO,2,Cota para Negros,55.857,55.857,55.857,1
2023-2025,1°,1°,MUSEOLOGIA (BACHARELADO),DARCY RIBEIRO,DIURNO,1,Sistema Universal,-35.154,19.145,-20.969,6
2023-2025,1°,1°,MÚSICA (BACHARELADO)*,DARCY RIBEIRO,DIURNO,1,Sistema Universal,65.653,65.653,31.622,2
2023-2025,1°,1°,MÚSICA (LICENCIATURA)*,DARCY RIBEIRO,DIURNO,1,Sistema Universal,-15.971,132.273,48.549,4
2023-2025,1°,1°,NUTRIÇÃO (BACHARELADO),DARCY RIBEIRO,DIURNO,1,Sistema Universal,70.097,99.32,84.562,7
2023-2025,1°,1°,NUTRIÇÃO (BACHARELADO),DARCY RIBEIRO,DIURNO,2,Cota para Negros,50.784,50.784,50.784,1
2023-2025,1°,1°,ODONTOLOGIA (BACHARELADO),DARCY RIBEIRO,DIURNO,1,Sistema Universal,91.436,127.254,111.576,6
2023-2025,1°,1°,ODONTOLOGIA (BACHARELADO),DARCY RIBEIRO,DIURNO,2,Cota para Negros,55.21,55.21,55.21,1
2023-2025,1°,1°,PEDAGOGIA (LICENCIATURA),DARCY RIBEIRO,DIURNO,1,Sistema Universal,-4.674,65.014,18.108,17
2023-2025,1°,1°,PEDAGOGIA (LICENCIATURA),DARCY RIBEIRO,DIURNO,2,Cota para Negros,-26.747,-22.22,-24.484,2
2023-2025,1°,1°,PEDAGOGIA (LICENCIATURA),DARCY RIBEIRO,NOTURNO,1,Sistema Universal,-24.607,-8.018,-14.995,5
2023-2025,1°,1°,PEDAGOGIA (LICENCIATURA),DARCY RIBEIRO,NOTURNO,2,Cota para Negros,-25.37,-25.37,-25.37,1
2023-2025,1°,1°,PSICOLOGIA (BACHARELADO/LICENCIATURA/PSICÓLOGO),DARCY RIBEIRO,DIURNO,1,Sistema Universal,92.692,149.897,105.523,11
2023-2025,1°,1°,PSICOLOGIA (BACHARELADO/LICENCIATURA/PSICÓLOGO),DARCY RIBEIRO,DIURNO,2,Cota para Negros,83.135,83.135,83.135,1
2023-2025,1°,1°,QUÍMICA (BACHARELADO),DARCY RIBEIRO,DIURNO,1,Sistema Universal,5.562,107.231,47.596,9
2023-2025,1°,1°,QUÍMICA (BACHARELADO),DARCY RIBEIRO,DIURNO,2,Cota para Negros,-10.181,-10.181,-10.181,1
2023-2025,1°,1°,QUÍMICA (LICENCIATURA),DARCY RIBEIRO,NOTURNO,1,Sistema Universal,-16.894,44.043,-1.839,4
2023-2025,1°,1°,QUÍMICA TECNOLÓGICA (BACHARELADO),DARCY RIBEIRO,DIURNO,1,Sistema Universal,-30.086,126.278,26.45,7
2023-2025,1°,1°,RELAÇÕES INTERNACIONAIS (BACHARELADO),DARCY RIBEIRO,DIURNO,1,Sistema Universal,105.105,162.477,121.308,11
2023-2025,1°,1°,RELAÇÕES INTERNACIONAIS (BACHARELADO),DARCY RIBEIRO,DIURNO,2,Cota para Negros,100.775,100.775,100.775,1
2023-2025,1°,1°,SAÚDE COLETIVA (BACHARELADO),CEILÂNDIA,DIURNO,1,Sistema Universal,-73.062,-3.918,-48.062,12
2023-2025,1°,1°,SAÚDE COLETIVA (BACHARELADO),DARCY RIBEIRO,NOTURNO,1,Sistema Universal,-72.556,9.485,-37.164,8
2023-2025,1°,1°,SERVIÇO SOCIAL (BACHARELADO),DARCY RIBEIRO,DIURNO,1,Sistema Universal,-49.336,58.364,-8.634,13
2023-2025,1°,1°,SERVIÇO SOCIAL (BACHARELADO),DARCY RIBEIRO,DIURNO,2,Cota para Negros,-34.475,-34.475,-34.475,1
2023-2025,1°,1°,SERVIÇO SOCIAL (BACHARELADO),DARCY RIBEIRO,NOTURNO,1,Sistema Universal,-61.117,-3.129,-40.766,5
2023-2025,1°,1°,TEORIA CRÍTICA E HISTÓRIA DA ARTE (BACHARELADO),DARCY RIBEIRO,NOTURNO,1,Sistema Universal,8.621,8.621,-6.709,2
2023-2025,1°,1°,TERAPIA OCUPACIONAL (BACHARELADO),CEILÂNDIA,DIURNO,1,Sistema Universal,2.706,46.76,14.439,11
2023-2025,1°,1°,TERAPIA OCUPACIONAL (BACHARELADO),CEILÂNDIA,DIURNO,2,Cota para Negros,-18.436,-18.436,-18.436,1
2023-2025,1°,1°,TURISMO (BACHARELADO),DARCY RIBEIRO,DIURNO,1,Sistema Universal,-62.252,51.489,-31.225,14
2023-2025,1°,1°,TURISMO (BACHARELADO),DARCY RIBEIRO,DIURNO,2,Cota para Negros,-53.591,-53.591,-53.591,1
